rank,platform,title,product_id,url,price,mrp,discount_pct,rating,ratings_count,reviews_count,units_sold_last_month,sales_method,sales_confidence,sales_is_lower_bound,badge_text_raw,bsr_rank,is_sponsored,search_position,group_id,brand,image_url,query,scraped_at
1,amazon,Tabletop Spice Rack For Your Kitchen_Countertop Spice s And Masala Rack 2 -Tiered Shelf And 2 Layer Stainless Steel And Special Countertop Spice Rack-(Pack Of One) (Nhsp),B0CLGK218X,https://www.amazon.in/dp/B0CLGK218X,240.0,699.0,65.7,,1300.0,,2.0,native_badge,high,True,"Amazon's Choicefor ""kitchen organizer""Tabletop Spice Rack For Your Kitchen_Countertop Spice s And Masala Rack 2 -Tiered Shelf And 2 Layer Stainless Steel And Special Countertop Spice Rack-(Pack Of One) (Nhsp) 4.04.0 out of 5 stars (1.3K)  2K+ bought in past monthPrice, product page₹240₹240 M.R.P: ₹699M.R.P: ₹699₹699 (66% off)Up to 5% back with Amazon Pay ICICI cardUp to 5% back with Amazon Pay ICI...FREE delivery Mon, 5 OctOr fastest delivery Tomorrow, 2 OctAdd to cart",,False,1,,,https://m.media-amazon.com/images/I/81W+6KEwa-L._AC_UL320_.jpg,kitchen organizer,2026-10-01T13:19:28.927110+00:00
2,amazon,"Cri8Hub Heavy Stainless Steel 2 Tier Kitchen Rack - Spice Boxes Rack Kitchen Stand - Cosmetic Organizer, Counter Top Basket -Floor Mounted Shelf for Home, Tiered Shelf",B0BZ5571M1,https://www.amazon.in/dp/B0BZ5571M1,249.0,999.0,75.1,,615.0,,8.0,native_badge,high,True,"Cri8Hub Heavy Stainless Steel 2 Tier Kitchen Rack - Spice Boxes Rack Kitchen Stand - Cosmetic Organizer, Counter Top Basket -Floor Mounted Shelf for Home, Tiered Shelf 4.14.1 out of 5 stars (615)  200+ bought in past monthSale Price LivePrice, product page₹249₹249 M.R.P: ₹999M.R.P: ₹999₹999 (75% off)Up to 5% back with Amazon Pay ICICI cardUp to 5% back with Amazon Pay ICI...FREE delivery Mon, 5 OctAdd to cart",8312.0,False,2,,,https://m.media-amazon.com/images/I/71orZznJjTL._AC_UL320_.jpg,kitchen organizer,2026-10-01T13:19:28.927581+00:00
3,amazon,"Kitchen Organizer Rack – Multi-Purpose Kitchen Stand for Countertop & Cabinet Storage | Heavy-Duty Kitchen Rack Organizer for Spices, Utensils, Dishes & Pantry Items (2 Tier Brown)",B0GHZN2Y8C,https://www.amazon.in/dp/B0GHZN2Y8C,289.0,1499.0,80.7,,115.0,,,relative_only,none,False,"Kitchen Organizer Rack – Multi-Purpose Kitchen Stand for Countertop & Cabinet Storage | Heavy-Duty Kitchen Rack Organizer for Spices, Utensils, Dishes & Pantry Items (2 Tier Brown) 4.14.1 out of 5 stars (115)  1K+ bought in past monthPrice, product page₹289₹289 M.R.P: ₹1,499M.R.P: ₹1,499₹1,499 (81% off)Up to 5% back with Amazon Pay ICICI cardUp to 5% back with Amazon Pay ICI...FREE delivery Thu, 8 OctAdd to cart",,False,3,,,https://m.media-amazon.com/images/I/71+m2EQr+JL._AC_UL320_.jpg,kitchen organizer,2026-10-01T13:19:28.928341+00:00
4,amazon,"MARKWELL 3 in 1 Kitchen Sink Soap Dispenser with Sponge Holder – Leakproof Liquid Dish Soap Pump, Kitchen Essentials for Countertop & Bathroom (Multi-Color)",B0DHH2Q8MP,https://www.amazon.in/dp/B0DHH2Q8MP,179.0,499.0,64.1,,1900.0,,3.0,native_badge,high,True,"MARKWELL 3 in 1 Kitchen Sink Soap Dispenser with Sponge Holder – Leakproof Liquid Dish Soap Pump, Kitchen Essentials for Countertop & Bathroom (Multi-Color) 3.83.8 out of 5 stars (1.9K)  900+ bought in past monthPrice, product page₹179₹179 M.R.P: ₹499M.R.P: ₹499₹499 (64% off)Up to 5% back with Amazon Pay ICICI cardUp to 5% back with Amazon Pay ICI...FREE delivery Sat, 3 OctOr fastest delivery Tomorrow 6 am - 10 amAdd to cart",,False,4,,,https://m.media-amazon.com/images/I/51geMcR5teL._AC_UL320_.jpg,kitchen organizer,2026-10-01T13:19:28.928941+00:00
5,amazon,Dillard's Plastic Multipurpose 4-Tier Floor Mount Corner Shelf Kitchen Organizer Rack/Storage Shelf/Dish Rack/Storage Rack For Kitchen,B0FGJYFV3L,https://www.amazon.in/dp/B0FGJYFV3L,429.0,1599.0,73.2,,693.0,,4.0,native_badge,high,True,"Dillard's Plastic Multipurpose 4-Tier Floor Mount Corner Shelf Kitchen Organizer Rack/Storage Shelf/Dish Rack/Storage Rack For Kitchen 3.03.0 out of 5 stars (693)  1K+ bought in past monthLimited time dealPrice, product page₹429₹429 M.R.P: ₹1,599M.R.P: ₹1,599₹1,599 (73% off)Up to 5% back with Amazon Pay ICICI cardUp to 5% back with Amazon Pay ICI...FREE delivery Mon, 5 OctOr fastest delivery Sun, 4 OctAdd to cart",,False,5,,,https://m.media-amazon.com/images/I/61m039qSy2L._AC_UL320_.jpg,kitchen organizer,2026-10-01T13:19:28.929490+00:00
6,amazon,"Zepdos 2 Tier Kitchen Storage Rack Organizer | Multipurpose Metal Storage Shelf, Spice Rack for kitchen, Bathroom & Dish Rack | Space Saving Countertop Rack, Black (40 x 20 x 33 CM)",B0H41V678R,https://www.amazon.in/dp/B0H41V678R,499.0,1399.0,64.3,,1400.0,,2.0,native_badge,high,True,"Zepdos 2 Tier Kitchen Storage Rack Organizer | Multipurpose Metal Storage Shelf, Spice Rack for kitchen, Bathroom & Dish Rack | Space Saving Countertop Rack, Black (40 x 20 x 33 CM) 4.14.1 out of 5 stars (1.4K)  800+ bought in past monthPrice, product page₹499₹499 M.R.P: ₹1,399M.R.P: ₹1,399₹1,399 (64% off)Up to 5% back with Amazon Pay ICICI cardUp to 5% back with Amazon Pay ICI...FREE delivery Tue, 6 OctAdd to cart",,False,6,,,https://m.media-amazon.com/images/I/712uGFvJhJL._AC_UL320_.jpg,kitchen organizer,2026-10-01T13:19:28.929910+00:00
7,amazon,StainlessSteel Under Cabinet Kitchen DishRack Expandable Storage FloatingShelves For Kitchen Multipurpose Organizer Extend Up To 580 Mm With Anti-Rust Nano Coating(Pack of 2)(Nhsp) Silver,B0CH6MD3LV,https://www.amazon.in/dp/B0CH6MD3LV,249.0,699.0,64.4,,1400.0,,580000000.0,native_badge,high,True,"StainlessSteel Under Cabinet Kitchen DishRack Expandable Storage FloatingShelves For Kitchen Multipurpose Organizer Extend Up To 580 Mm With Anti-Rust Nano Coating(Pack of 2)(Nhsp) Silver 4.04.0 out of 5 stars (1.4K)  3K+ bought in past monthPrice, product page₹249₹249 M.R.P: ₹699M.R.P: ₹699₹699 (64% off)Up to 5% back with Amazon Pay ICICI cardUp to 5% back with Amazon Pay ICI...FREE delivery Sat, 3 OctOr fastest delivery Tomorrow, 2 OctAdd to cart",238.0,False,7,,,https://m.media-amazon.com/images/I/61IW6o2oPDL._AC_UL320_.jpg,kitchen organizer,2026-10-01T13:19:28.930234+00:00
8,amazon,"Kundi Rustic Wood Spice Rack Shelf, kitchen organizer rack, rack stand, Kitchen Counter Organiser, Dark Brown (4) (2 Shelves)",B0FJ8JW7P3,https://www.amazon.in/dp/B0FJ8JW7P3,309.0,1999.0,84.5,,646.0,,,relative_only,none,False,"Kundi Rustic Wood Spice Rack Shelf, kitchen organizer rack, rack stand, Kitchen Counter Organiser, Dark Brown (4) (2 Shelves) 3.83.8 out of 5 stars (646)  1K+ bought in past monthPrice, product page₹309₹309 M.R.P: ₹1,999M.R.P: ₹1,999₹1,999 (85% off)Up to 5% back with Amazon Pay ICICI cardUp to 5% back with Amazon Pay ICI...FREE delivery Sat, 3 OctOr fastest delivery Tomorrow, 2 OctAdd to cartMore Buying Choices₹249(3 new offers)",,False,8,,,https://m.media-amazon.com/images/I/71nMDPj0-IL._AC_UL320_.jpg,kitchen organizer,2026-10-01T13:19:28.930816+00:00
9,amazon,"BELOXY Metal Sponge Holder for Kitchen – Auto-Draining Organizer Caddy with Soap Tray, Dish Brush Holder & Towel Bar – Large Capacity Kitchen Sink Storage Rack (Matte Black)",B0GSR8LXHM,https://www.amazon.in/dp/B0GSR8LXHM,284.0,599.0,52.6,,283.0,,,relative_only,none,False,"BELOXY Metal Sponge Holder for Kitchen – Auto-Draining Organizer Caddy with Soap Tray, Dish Brush Holder & Towel Bar – Large Capacity Kitchen Sink Storage Rack (Matte Black) 4.04.0 out of 5 stars (283)  2K+ bought in past monthSale Price LivePrice, product page₹284₹284 M.R.P: ₹599M.R.P: ₹599₹599 (53% off)Up to 5% back with Amazon Pay ICICI cardUp to 5% back with Amazon Pay ICI...FREE delivery Tue, 6 OctOr fastest delivery Mon, 5 OctAdd to cart",,False,9,,,https://m.media-amazon.com/images/I/71QpreivfbL._AC_UL320_.jpg,kitchen organizer,2026-10-01T13:19:28.932009+00:00
10,amazon,"WonderStand Iron 2-Tier Countertop MultipurposeOrganizer|Tiered Shelf Storage Rack, Counter Top Organiser Storage Shelf for Home Kitchen and Bathroom",B0CYM12DPZ,https://www.amazon.in/dp/B0CYM12DPZ,499.0,699.0,28.6,,1300.0,,1.0,native_badge,high,True,"+1 other color/patternWonderStand Iron 2-Tier Countertop MultipurposeOrganizer|Tiered Shelf Storage Rack, Counter Top Organiser Storage Shelf for Home Kitchen and Bathroom 4.24.2 out of 5 stars (1.3K)  1K+ bought in past monthPrice, product page₹499₹499 M.R.P: ₹699M.R.P: ₹699₹699 (29% off)Up to 5% back with Amazon Pay ICICI cardUp to 5% back with Amazon Pay ICI...FREE delivery Sat, 3 OctOr fastest delivery Tomorrow 6 am - 10 amAdd to cart",,False,10,,,https://m.media-amazon.com/images/I/61uDpiEO7pL._AC_UL320_.jpg,kitchen organizer,2026-10-01T13:19:28.933410+00:00
11,amazon,"RILION 6 fridge storage boxes multipurpose containers for storage Space-saving Refrigerator Side Door Organizer for fridge kitchen Fruits, Vegetables Storage Containers- transparent",B0DC5MJQYZ,https://www.amazon.in/dp/B0DC5MJQYZ,164.0,,,,3000.0,,6.0,native_badge,high,True,"RILION 6 fridge storage boxes multipurpose containers for storage Space-saving Refrigerator Side Door Organizer for fridge kitchen Fruits, Vegetables Storage Containers- transparent 4.34.3 out of 5 stars (3K)  3K+ bought in past monthSale Price LivePrice, product page₹164₹164 (₹27.33₹27.33/count) M.R.P: ₹499M.R.P: ₹499₹499 (67% off)Up to 5% back with Amazon Pay ICICI cardUp to 5% back with Amazon Pay ICI...FREE delivery Sat, 3 OctOr fastest delivery Tomorrow 6 am - 10 amAdd to cart",,False,11,,,https://m.media-amazon.com/images/I/71KVlyVtG3L._AC_UL320_.jpg,kitchen organizer,2026-10-01T13:19:28.934589+00:00
12,amazon,"Craftland 3-Tier Spice Rack, Spice Storage Holder, Kitchen Pantry Cabinet Organizer Cupboard, Wood Step Shelf Countertop for Spice Bottles, Jars, Seasonings, Baking Supplies",B0H6QFTQRK,https://www.amazon.in/dp/B0H6QFTQRK,245.0,499.0,50.9,,59.0,,3.0,native_badge,high,True,"Craftland 3-Tier Spice Rack, Spice Storage Holder, Kitchen Pantry Cabinet Organizer Cupboard, Wood Step Shelf Countertop for Spice Bottles, Jars, Seasonings, Baking Supplies 3.83.8 out of 5 stars (59)  700+ bought in past monthLimited time dealPrice, product page₹245₹245 M.R.P: ₹499M.R.P: ₹499₹499 (51% off)Up to 5% back with Amazon Pay ICICI cardUp to 5% back with Amazon Pay ICI...FREE delivery Thu, 8 OctAdd to cart",,False,12,,,https://m.media-amazon.com/images/I/71gMnhBsLQL._AC_UL320_.jpg,kitchen organizer,2026-10-01T13:19:28.935214+00:00
13,amazon,TEX-RO Kitchen Trolley with Wheels | 3-Layer Metal Vegetable Basket Stand & Kitchen Storage Rack | Multipurpose Kitchen Organizer for Onion Potato Storage (Black),B0B3JST2F4,https://www.amazon.in/dp/B0B3JST2F4,1799.0,17999.0,90.0,,3800.0,,5.0,native_badge,high,True,"Best sellerin Kitchen Storage Carts+5 other colors/patternsTEX-RO Kitchen Trolley with Wheels | 3-Layer Metal Vegetable Basket Stand & Kitchen Storage Rack | Multipurpose Kitchen Organizer for Onion Potato Storage (Black) 4.04.0 out of 5 stars (3.8K)  1K+ bought in past monthPrice, product page₹1,799₹1,799 M.R.P: ₹17,999M.R.P: ₹17,999₹17,999 (90% off)Up to 5% back with Amazon Pay ICICI cardUp to 5% back with Amazon Pay ICI...FREE delivery Sun, 4 OctAdd to cart",,False,13,,,https://m.media-amazon.com/images/I/81zSFh5uwdL._AC_UL320_.jpg,kitchen organizer,2026-10-01T13:19:28.936202+00:00
14,amazon,"Go Hooked 3-Tier Metal Countertop Spice Rack for Kitchen | Powder Coated Iron Kitchen Organizer Stand | Tiered Shelf for Spice Bottles, Masala Jars, Pantry, Cabinet, Bathroom & Vanity Storage (Black)",B0BYPGZQWB,https://www.amazon.in/dp/B0BYPGZQWB,569.0,1499.0,62.0,,911.0,,3.0,native_badge,high,True,"Go Hooked 3-Tier Metal Countertop Spice Rack for Kitchen | Powder Coated Iron Kitchen Organizer Stand | Tiered Shelf for Spice Bottles, Masala Jars, Pantry, Cabinet, Bathroom & Vanity Storage (Black) 4.04.0 out of 5 stars (911)  800+ bought in past monthPrice, product page₹569₹569 M.R.P: ₹1,499M.R.P: ₹1,499₹1,499 (62% off)Up to 5% back with Amazon Pay ICICI cardUp to 5% back with Amazon Pay ICI...FREE delivery Sat, 3 OctOr fastest delivery Tomorrow 6 am - 10 amAdd to cart",,False,14,,,https://m.media-amazon.com/images/I/71mLcdqP78L._AC_UL320_.jpg,kitchen organizer,2026-10-01T13:19:28.936818+00:00
15,amazon,INOVERA (LABEL) Expandable Dish Rack for Kitchen - Steel Pan Pots Lid Holder with 7 Adjustable Compartment - Cabinet Organizer (Black),B0FK242XLM,https://www.amazon.in/dp/B0FK242XLM,569.0,1299.0,56.2,,197.0,,7.0,native_badge,high,True,"INOVERA (LABEL) Expandable Dish Rack for Kitchen - Steel Pan Pots Lid Holder with 7 Adjustable Compartment - Cabinet Organizer (Black) 4.04.0 out of 5 stars (197)  1K+ bought in past monthPrice, product page₹569₹569 M.R.P: ₹1,299M.R.P: ₹1,299₹1,299 (56% off)Up to 5% back with Amazon Pay ICICI cardUp to 5% back with Amazon Pay ICI...FREE delivery Wed, 7 OctOr fastest delivery Tomorrow 6 am - 10 amAdd to cart",,False,15,,,https://m.media-amazon.com/images/I/51umfWBddBL._AC_UL320_.jpg,kitchen organizer,2026-10-01T13:19:28.937758+00:00
16,amazon,"HomeWiz 360° Rotating Kitchen Organiser | Lazy Susan Smooth Turntable Organiser | Spice Rack Organizer | Cosmetic Holder Organizer | Multipurpose Use for Kitchen Counter, Dining Table | Dark Blue",B0CX1YPXW5,https://www.amazon.in/dp/B0CX1YPXW5,149.0,199.0,25.1,,1300.0,,4.0,native_badge,high,True,"Best sellerin Lazy Susans+4HomeWiz 360° Rotating Kitchen Organiser | Lazy Susan Smooth Turntable Organiser | Spice Rack Organizer | Cosmetic Holder Organizer | Multipurpose Use for Kitchen Counter, Dining Table | Dark Blue 4.24.2 out of 5 stars (1.3K)  400+ bought in past monthPrice, product page₹149₹149 M.R.P: ₹199M.R.P: ₹199₹199 (25% off)Up to 5% back with Amazon Pay ICICI cardUp to 5% back with Amazon Pay ICI...FREE delivery Sun, 4 OctOr fastest delivery Tomorrow 6 am - 10 amAdd to cart",,False,16,,,https://m.media-amazon.com/images/I/71c26Zr37WL._AC_UL320_.jpg,kitchen organizer,2026-10-01T13:19:28.939531+00:00
17,amazon,"TEX-RO 2 Tier Under Sink Storage Organizer for Kitchen & Bathroom/Pullout Cabinet Organizer for Kitchen Cabinets/Under Sink Organizer/Bathroom Cabinet Storage(Pack of 1, Black)",B0F137MWJC,https://www.amazon.in/dp/B0F137MWJC,579.0,2499.0,76.8,,427.0,,2.0,native_badge,high,True,"Best sellerin Under Sink StorageTEX-RO 2 Tier Under Sink Storage Organizer for Kitchen & Bathroom/Pullout Cabinet Organizer for Kitchen Cabinets/Under Sink Organizer/Bathroom Cabinet Storage(Pack of 1, Black) 4.04.0 out of 5 stars (427)  1K+ bought in past monthPrice, product page₹579₹579 M.R.P: ₹2,499M.R.P: ₹2,499₹2,499 (77% off)Up to 5% back with Amazon Pay ICICI cardUp to 5% back with Amazon Pay ICI...FREE delivery Sat, 3 OctOr fastest delivery Tomorrow 6 am - 10 amSee options",,False,17,,,https://m.media-amazon.com/images/I/81XRG861m5L._AC_UL320_.jpg,kitchen organizer,2026-10-01T13:19:28.941019+00:00
18,amazon,TEX-RO 3-Layer Kitchen Rack Stand | Multipurpose Rack for Storage | Vegetable Stand for Kitchen Storage Rack | Durable Kitchen Racks for Storage (Grey),B0FLKBTVPM,https://www.amazon.in/dp/B0FLKBTVPM,275.0,899.0,69.4,,798.0,,3.0,native_badge,high,True,"Best sellerin Storage Rack ShelvesTEX-RO 3-Layer Kitchen Rack Stand | Multipurpose Rack for Storage | Vegetable Stand for Kitchen Storage Rack | Durable Kitchen Racks for Storage (Grey) 4.14.1 out of 5 stars (798)  3K+ bought in past monthPrice, product page₹275₹275 M.R.P: ₹899M.R.P: ₹899₹899 (69% off)Up to 5% back with Amazon Pay ICICI cardUp to 5% back with Amazon Pay ICI...FREE delivery Sat, 3 OctOr fastest delivery Tomorrow, 2 OctAdd to cart",,False,18,,,https://m.media-amazon.com/images/I/71fF87VT4BL._AC_UL320_.jpg,kitchen organizer,2026-10-01T13:19:28.943011+00:00
19,amazon,"Shoper cart kitchen organizer rack, 2-Tier Spice Rack Organiser, Rustic Brown and Black, 30cm x 15.7cm x 26.4cm, Kitchen Counter Storage Shelf with Metal Frame",B0GKG8H377,https://www.amazon.in/dp/B0GKG8H377,799.0,1999.0,60.0,,225.0,,,relative_only,none,False,"Shoper cart kitchen organizer rack, 2-Tier Spice Rack Organiser, Rustic Brown and Black, 30cm x 15.7cm x 26.4cm, Kitchen Counter Storage Shelf with Metal Frame 4.14.1 out of 5 stars (225)  400+ bought in past monthPrice, product page₹799₹799 M.R.P: ₹1,999M.R.P: ₹1,999₹1,999 (60% off)Up to 5% back with Amazon Pay ICICI cardUp to 5% back with Amazon Pay ICI...FREE delivery Thu, 8 OctAdd to cart",,False,19,,,https://m.media-amazon.com/images/I/61L6KxA55UL._AC_UL320_.jpg,kitchen organizer,2026-10-01T13:19:28.943776+00:00
20,amazon,Cri8Hub Stainless Steel 2 Tiered Shelf Kitchen Rack - Spice Boxes Organizer –Kitchen Rack Stand - Cosmetic Organizer – Counter Top Organiser - Floor Mounted Shelf For Home(Multipurpose Rack),B0CV8348ZZ,https://www.amazon.in/dp/B0CV8348ZZ,249.0,299.0,16.7,,1500.0,,8.0,native_badge,high,True,"Cri8Hub Stainless Steel 2 Tiered Shelf Kitchen Rack - Spice Boxes Organizer –Kitchen Rack Stand - Cosmetic Organizer – Counter Top Organiser - Floor Mounted Shelf For Home(Multipurpose Rack) 4.24.2 out of 5 stars (1.5K)  1K+ bought in past monthSale Price LivePrice, product page₹249₹249 M.R.P: ₹299M.R.P: ₹299₹299 (17% off)Up to 5% back with Amazon Pay ICICI cardUp to 5% back with Amazon Pay ICI...FREE delivery Mon, 5 OctAdd to cart",2065.0,False,20,,,https://m.media-amazon.com/images/I/71A5JJpZuDL._AC_UL320_.jpg,kitchen organizer,2026-10-01T13:19:28.944117+00:00
21,amazon,"Kitchen Sponge Holder for Sink, Wall Mounted Caddy with Drain Tray & Brush Rack",B0H6XLMK8M,https://www.amazon.in/dp/B0H6XLMK8M,195.0,499.0,60.9,,153.0,,,relative_only,none,False,"Best sellerin Kitchen Sponge HoldersKitchen Sponge Holder for Sink, Wall Mounted Caddy with Drain Tray & Brush Rack 3.63.6 out of 5 stars (153)  2K+ bought in past monthPrice, product page₹195₹195 M.R.P: ₹499M.R.P: ₹499₹499 (61% off)Up to 5% back with Amazon Pay ICICI cardUp to 5% back with Amazon Pay ICI...FREE delivery Mon, 5 OctOr fastest delivery Sun, 4 OctAdd to cart",,False,21,,,https://m.media-amazon.com/images/I/71U1+3x3xJL._AC_UL320_.jpg,kitchen organizer,2026-10-01T13:19:28.944563+00:00
22,amazon,"XMART India Plastic Self-Draining Cutlery & Utensil Storage Organizer for Kitchen & Dining Table, Multicolor, 23x8x12 cm",B0FV3SLL3D,https://www.amazon.in/dp/B0FV3SLL3D,249.0,499.0,50.1,,150.0,,,relative_only,none,False,"XMART India Plastic Self-Draining Cutlery & Utensil Storage Organizer for Kitchen & Dining Table, Multicolor, 23x8x12 cm 4.04.0 out of 5 stars (150)  300+ bought in past monthPrice, product page₹249₹249 M.R.P: ₹499M.R.P: ₹499₹499 (50% off)Up to 5% back with Amazon Pay ICICI cardUp to 5% back with Amazon Pay ICI...FREE delivery Mon, 5 OctOr fastest delivery Tomorrow 6 am - 10 amAdd to cart",,False,22,,,https://m.media-amazon.com/images/I/517zeJkn6kL._AC_UL320_.jpg,kitchen organizer,2026-10-01T13:19:28.945248+00:00
23,amazon,"Steeliness Steel Dish Rack Plate Stand For 6 Layer Table Stand, Plates Holder Kitchen, Kitchen Rack, Stainless (Pack Of One, Nhspcountertop, Floating Shelves)",B0CLVJVXC6,https://www.amazon.in/dp/B0CLVJVXC6,156.0,699.0,77.7,,2100.0,,6.0,native_badge,high,True,"Steeliness Steel Dish Rack Plate Stand For 6 Layer Table Stand, Plates Holder Kitchen, Kitchen Rack, Stainless (Pack Of One, Nhspcountertop, Floating Shelves) 4.04.0 out of 5 stars (2.1K)  2K+ bought in past monthPrice, product page₹156₹156 M.R.P: ₹699M.R.P: ₹699₹699 (78% off)Up to 5% back with Amazon Pay ICICI cardUp to 5% back with Amazon Pay ICI...FREE delivery Sat, 3 OctOr fastest delivery Tomorrow 6 am - 10 amAdd to cart",,False,23,,,https://m.media-amazon.com/images/I/61VWDR+bxuL._AC_UL320_.jpg,kitchen organizer,2026-10-01T13:19:28.945593+00:00
24,amazon,"FireBees 2 Tier Kitchen Counter Organizer, Wooden Kitchen Organizer Rack for Spices & Storage, Kitchen Shelf Organiser Stand, Masala Organizer Rack, Aesthetic Kitchen Organizer Items 33 x 16 x 25 cm",B0GW9H1KC7,https://www.amazon.in/dp/B0GW9H1KC7,299.0,500.0,40.2,,257.0,,2.0,native_badge,high,True,"FireBees 2 Tier Kitchen Counter Organizer, Wooden Kitchen Organizer Rack for Spices & Storage, Kitchen Shelf Organiser Stand, Masala Organizer Rack, Aesthetic Kitchen Organizer Items 33 x 16 x 25 cm Top Reviewed for Size4.14.1 out of 5 stars (257)  1K+ bought in past monthPrice, product page₹299₹299 M.R.P: ₹500M.R.P: ₹500₹500 (40% off)Up to 5% back with Amazon Pay ICICI cardUp to 5% back with Amazon Pay ICI...FREE delivery Thu, 8 OctAdd to cart",,False,24,,,https://m.media-amazon.com/images/I/518T84qOyML._AC_UL320_.jpg,kitchen organizer,2026-10-01T13:19:28.945968+00:00
25,amazon,"Aliensware Expandable Slider Kitchen Drawer Organizer, BPA Free Utensil, Adjustable Flatware & Cutlery Holder/Divider Tray for Spoons Forks, Knives Tableware Storage-13-22.4 X15X2 inch(8-Slots/Grey)",B0FTVCT6ML,https://www.amazon.in/dp/B0FTVCT6ML,545.53,1999.0,72.7,,234.0,,2.0,native_badge,high,True,"+2 other colors/patternsAliensware Expandable Slider Kitchen Drawer Organizer, BPA Free Utensil, Adjustable Flatware & Cutlery Holder/Divider Tray for Spoons Forks, Knives Tableware Storage-13-22.4 X15X2 inch(8-Slots/Grey) 4.44.4 out of 5 stars (234)  200+ bought in past monthPrice, product page₹545.53₹545.53 M.R.P: ₹1,999M.R.P: ₹1,999₹1,999 (73% off)Up to 5% back with Amazon Pay ICICI cardUp to 5% back with Amazon Pay ICI...FREE delivery Sat, 3 OctOr fastest delivery Tomorrow 6 am - 10 amAdd to cart",,False,25,,,https://m.media-amazon.com/images/I/71Xivas-Q1L._AC_UL320_.jpg,kitchen organizer,2026-10-01T13:19:28.946294+00:00
26,amazon,Rasvesh Multi-Purpose Trolley Storage Organizer and Kitchen Accessories Items for Kitchen Storage Rack Square Design Fruits & Vegetable Onion Cutler (5 Tier),B0C3MCBSDD,https://www.amazon.in/dp/B0C3MCBSDD,2429.0,6999.0,65.3,,1900.0,,5.0,native_badge,high,True,"Rasvesh Multi-Purpose Trolley Storage Organizer and Kitchen Accessories Items for Kitchen Storage Rack Square Design Fruits & Vegetable Onion Cutler (5 Tier) 4.04.0 out of 5 stars (1.9K)  700+ bought in past monthPrice, product page₹2,429₹2,429 M.R.P: ₹6,999M.R.P: ₹6,999₹6,999 (65% off)Up to 5% back with Amazon Pay ICICI cardUp to 5% back with Amazon Pay ICI...FREE delivery Mon, 5 OctOr fastest delivery Sun, 4 OctAdd to cart",,False,26,,,https://m.media-amazon.com/images/I/61DCMZUkMtL._AC_UL320_.jpg,kitchen organizer,2026-10-01T13:19:28.946562+00:00
27,amazon,"CR18 COLLLECTION Stainless Steel 2 Layer Kitchen Spice Rack| Modular Storage Rack | Kitchen Organizer Multipurpose Storage Shelf/Rack, Silver",B0C1BYQN7Y,https://www.amazon.in/dp/B0C1BYQN7Y,240.0,999.0,76.0,,2500.0,,18.0,native_badge,high,True,"CR18 COLLLECTION Stainless Steel 2 Layer Kitchen Spice Rack| Modular Storage Rack | Kitchen Organizer Multipurpose Storage Shelf/Rack, Silver Top Reviewed for Storage capacity4.14.1 out of 5 stars (2.5K)  500+ bought in past monthPrice, product page₹240₹240 M.R.P: ₹999M.R.P: ₹999₹999 (76% off)Up to 5% back with Amazon Pay ICICI cardUp to 5% back with Amazon Pay ICI...FREE delivery Tue, 6 OctAdd to cart",4784.0,False,27,,,https://m.media-amazon.com/images/I/51W5lotUOKL._AC_UL320_.jpg,kitchen organizer,2026-10-01T13:19:28.946832+00:00
28,amazon,"RILION Multipurpose 6-in-1 Masala Box for Kitchen| Airtight BPA-Free Plastic 6 Section Storage Container with 6 Spoons, 1800 ml Transparent Pickle Box for Spices| Dry Fruits, Snacks Pack Of 1 Blue",B0FGJ3VWY2,https://www.amazon.in/dp/B0FGJ3VWY2,147.0,499.0,70.5,,931.0,,6.0,native_badge,high,True,"RILION Multipurpose 6-in-1 Masala Box for Kitchen| Airtight BPA-Free Plastic 6 Section Storage Container with 6 Spoons, 1800 ml Transparent Pickle Box for Spices| Dry Fruits, Snacks Pack Of 1 Blue 4.24.2 out of 5 stars (931)  6K+ bought in past monthSale Price LivePrice, product page₹147₹147 M.R.P: ₹499M.R.P: ₹499₹499 (71% off)Up to 5% back with Amazon Pay ICICI cardUp to 5% back with Amazon Pay ICI...FREE delivery Sat, 3 OctOr fastest delivery Tomorrow 6 am - 10 amAdd to cart",,False,28,,,https://m.media-amazon.com/images/I/71wxXR5219L._AC_UL320_.jpg,kitchen organizer,2026-10-01T13:19:28.947070+00:00
29,amazon,Go Hooked 2 Tier Kitchen Counter Organizer Rack 33x16.5x32 cm | Freestanding Metal Countertop Spice Rack & Pantry Storage Shelf | Bathroom Vanity Makeup Organizer | Rustproof Powder Coated Iron Black,B0CRF29MFR,https://www.amazon.in/dp/B0CRF29MFR,699.0,1599.0,56.3,,833.0,,2.0,native_badge,high,True,"Go Hooked 2 Tier Kitchen Counter Organizer Rack 33x16.5x32 cm | Freestanding Metal Countertop Spice Rack & Pantry Storage Shelf | Bathroom Vanity Makeup Organizer | Rustproof Powder Coated Iron Black 4.24.2 out of 5 stars (833)  500+ bought in past monthLimited time dealPrice, product page₹699₹699 M.R.P: ₹1,599M.R.P: ₹1,599₹1,599 (56% off)Up to 5% back with Amazon Pay ICICI cardUp to 5% back with Amazon Pay ICI...FREE delivery Sat, 3 OctOr fastest delivery Tomorrow 6 am - 10 amAdd to cart",,False,29,,,https://m.media-amazon.com/images/I/813LYKB36LL._AC_UL320_.jpg,kitchen organizer,2026-10-01T13:19:28.947297+00:00
30,amazon,Clazkit 360° Rotating Organizer Tray | Multi-Purpose Turntable for Kitchen & Pantry Storage | Space-Saving Spice & Essentials Organizer,B0C7VCK31F,https://www.amazon.in/dp/B0C7VCK31F,148.0,299.0,50.5,,2300.0,,1.0,native_badge,high,True,"+1 other color/patternClazkit 360° Rotating Organizer Tray | Multi-Purpose Turntable for Kitchen & Pantry Storage | Space-Saving Spice & Essentials Organizer 4.14.1 out of 5 stars (2.3K)  500+ bought in past monthPrice, product page₹148₹148 M.R.P: ₹299M.R.P: ₹299₹299 (51% off)Up to 5% back with Amazon Pay ICICI cardUp to 5% back with Amazon Pay ICI...FREE delivery Sat, 3 OctOr fastest delivery Tomorrow 6 am - 10 amAdd to cart",,False,30,,,https://m.media-amazon.com/images/I/6101YnG4yLL._AC_UL320_.jpg,kitchen organizer,2026-10-01T13:19:28.947526+00:00
31,amazon,"Craft Mshopr Wall Mounted Kitchen Spice Rack Organizer – Black Iron Hanging Spice Shelf with 7 S-Shaped Hooks for Utensils | Space-Saving Spice Holder (16"" L x 5.25"" W x 2.5"" H) (Pack-1)",B0FNND3828,https://www.amazon.in/dp/B0FNND3828,277.0,599.0,53.8,,245.0,,7.0,native_badge,high,True,"Craft Mshopr Wall Mounted Kitchen Spice Rack Organizer – Black Iron Hanging Spice Shelf with 7 S-Shaped Hooks for Utensils | Space-Saving Spice Holder (16"" L x 5.25"" W x 2.5"" H) (Pack-1) 4.14.1 out of 5 stars (245)  500+ bought in past monthSale Price LivePrice, product page₹277₹277 M.R.P: ₹599M.R.P: ₹599₹599 (54% off)Up to 5% back with Amazon Pay ICICI cardUp to 5% back with Amazon Pay ICI...FREE delivery Sat, 3 OctOr fastest delivery Tomorrow 6 am - 10 amAdd to cart",,False,31,,,https://m.media-amazon.com/images/I/61X82eDEWpL._AC_UL320_.jpg,kitchen organizer,2026-10-01T13:19:28.947774+00:00
32,amazon,"TEX-RO Storage Box and Organiser | Storage Organiser | Organizer Storage Box for Home & Kitchen | Durable Storage Basket & Plastic Basket for Storage (Pack of 2, White)",B0DXK6R9SJ,https://www.amazon.in/dp/B0DXK6R9SJ,139.0,499.0,72.1,,802.0,,5.0,native_badge,high,True,"+5 other colors/patternsTEX-RO Storage Box and Organiser | Storage Organiser | Organizer Storage Box for Home & Kitchen | Durable Storage Basket & Plastic Basket for Storage (Pack of 2, White) 4.14.1 out of 5 stars (802)  1K+ bought in past monthLimited time dealPrice, product page₹139₹139 M.R.P: ₹499M.R.P: ₹499₹499 (72% off)Up to 5% back with Amazon Pay ICICI cardUp to 5% back with Amazon Pay ICI...FREE delivery Sat, 3 OctOr fastest delivery Tomorrow 6 am - 10 amAdd to cart",,False,32,,,https://m.media-amazon.com/images/I/61ojPpfDfnL._AC_UL320_.jpg,kitchen organizer,2026-10-01T13:19:28.948157+00:00
33,amazon,"House of Quirk Plastic Wall-Mounted Garbage Bag Storage Box, 24 cm x 6 cm, White, for Kitchen, Bathroom, and Office",B0DG5X7T5Y,https://www.amazon.in/dp/B0DG5X7T5Y,449.0,699.0,35.8,,801.0,,,relative_only,none,False,"House of Quirk Plastic Wall-Mounted Garbage Bag Storage Box, 24 cm x 6 cm, White, for Kitchen, Bathroom, and Office 4.34.3 out of 5 stars (801)  500+ bought in past monthPrice, product page₹449₹449 M.R.P: ₹699M.R.P: ₹699₹699 (36% off)Up to 5% back with Amazon Pay ICICI cardUp to 5% back with Amazon Pay ICI...FREE delivery Sat, 3 OctOr fastest delivery Tomorrow 6 am - 10 amAdd to cart",,False,33,,,https://m.media-amazon.com/images/I/61UtSDljCvL._AC_UL320_.jpg,kitchen organizer,2026-10-01T13:19:28.949192+00:00
34,amazon,"Metal Sponge Holder for Kitchen – Auto-Draining Organizer Caddy with Soap Tray, Dish Brush Holder & Towel Bar – Large Capacity Kitchen Sink Storage Rack (1)",B0H2MS8S1F,https://www.amazon.in/dp/B0H2MS8S1F,249.0,1499.0,83.4,,51.0,,,relative_only,none,False,"Metal Sponge Holder for Kitchen – Auto-Draining Organizer Caddy with Soap Tray, Dish Brush Holder & Towel Bar – Large Capacity Kitchen Sink Storage Rack (1) 3.83.8 out of 5 stars (51)  400+ bought in past monthPrice, product page₹249₹249 M.R.P: ₹1,499M.R.P: ₹1,499₹1,499 (83% off)Up to 5% back with Amazon Pay ICICI cardUp to 5% back with Amazon Pay ICI...FREE delivery Tue, 6 OctAdd to cart",,False,34,,,https://m.media-amazon.com/images/I/71u1ykjsvvL._AC_UL320_.jpg,kitchen organizer,2026-10-01T13:19:28.949910+00:00
35,amazon,"SATVIKAYA Air Tight Plastic Storage Containers Set for Kitchen | Pantry Organizers Kitchen Accessories Items,Fridge Storage Boxes | Leak-Proof, Durable, and Space-Saving (1200 ML, 6)",B0DVLBTKPH,https://www.amazon.in/dp/B0DVLBTKPH,449.0,1999.0,77.5,,1700.0,,,relative_only,none,False,"SATVIKAYA Air Tight Plastic Storage Containers Set for Kitchen | Pantry Organizers Kitchen Accessories Items,Fridge Storage Boxes | Leak-Proof, Durable, and Space-Saving (1200 ML, 6) 3.93.9 out of 5 stars (1.7K)  1K+ bought in past monthPrice, product page₹449₹449 M.R.P: ₹1,999M.R.P: ₹1,999₹1,999 (78% off)Up to 5% back with Amazon Pay ICICI cardUp to 5% back with Amazon Pay ICI...FREE delivery Sat, 3 OctOr fastest delivery Tomorrow 6 am - 10 amAdd to cart",,False,35,,,https://m.media-amazon.com/images/I/61BG3LF9-hL._AC_UL320_.jpg,kitchen organizer,2026-10-01T13:19:28.950505+00:00
36,amazon,"MATIC HOUSEWARE Air Tight Containers Storage Set For Kitchen, Storage Box and Organiser, Kitchen Accessories Items for Home, Pantry Organization, BPA-Free,(Pack Of 6, Black, 1200 ml, Plastic)",B09414W9Z5,https://www.amazon.in/dp/B09414W9Z5,474.0,,,,1500.0,,,relative_only,none,False,"MATIC HOUSEWARE Air Tight Containers Storage Set For Kitchen, Storage Box and Organiser, Kitchen Accessories Items for Home, Pantry Organization, BPA-Free,(Pack Of 6, Black, 1200 ml, Plastic) 4.24.2 out of 5 stars (1.5K)  600+ bought in past monthSale Price LivePrice, product page₹474₹474 (₹79₹79/piece) M.R.P: ₹1,999M.R.P: ₹1,999₹1,999 (76% off)Up to 5% back with Amazon Pay ICICI cardUp to 5% back with Amazon Pay ICI...FREE delivery Sat, 3 OctOr fastest delivery Tomorrow 6 am - 10 amAdd to cart",,False,36,,,https://m.media-amazon.com/images/I/81MEd3tiUfL._AC_UL320_.jpg,kitchen organizer,2026-10-01T13:19:28.951070+00:00
37,amazon,"Cri8Hub Metal 2 Tier Standing Spice Rack, Bathroom Countertop Storage Shelf Organizer, Kitchen Organizer, Cabinet Tray for Dresser, Multipurpose Stand, (2 Tier Standing Multipurpose Rack)",B0C5RJ822T,https://www.amazon.in/dp/B0C5RJ822T,375.0,399.0,6.0,,1000.0,,8.0,native_badge,high,True,"Cri8Hub Metal 2 Tier Standing Spice Rack, Bathroom Countertop Storage Shelf Organizer, Kitchen Organizer, Cabinet Tray for Dresser, Multipurpose Stand, (2 Tier Standing Multipurpose Rack) 4.34.3 out of 5 stars (1K)  600+ bought in past monthLimited time dealPrice, product page₹375₹375 M.R.P: ₹399M.R.P: ₹399₹399 (6% off)Up to 5% back with Amazon Pay ICICI cardUp to 5% back with Amazon Pay ICI...FREE delivery Mon, 5 OctAdd to cart",2895.0,False,37,,,https://m.media-amazon.com/images/I/413na2K-HnL._AC_UL320_.jpg,kitchen organizer,2026-10-01T13:19:28.951702+00:00
38,amazon,"Cri8Hub Stainless Steel 2 Tier Kitchen Rack - Spice Boxes Organizer –Kitchen Stand - Cosmetic Organizer – Counter Top Basket -Floor Mounted Shelf For Home And Bathroom, Step Shelf",B0CJJ9LK8G,https://www.amazon.in/dp/B0CJJ9LK8G,249.0,999.0,75.1,,292.0,,8.0,native_badge,high,True,"Cri8Hub Stainless Steel 2 Tier Kitchen Rack - Spice Boxes Organizer –Kitchen Stand - Cosmetic Organizer – Counter Top Basket -Floor Mounted Shelf For Home And Bathroom, Step Shelf 4.24.2 out of 5 stars (292)  700+ bought in past monthSale Price LivePrice, product page₹249₹249 M.R.P: ₹999M.R.P: ₹999₹999 (75% off)Up to 5% back with Amazon Pay ICICI cardUp to 5% back with Amazon Pay ICI...FREE delivery Mon, 5 OctAdd to cart",3221.0,False,38,,,https://m.media-amazon.com/images/I/61vSpZFFeGL._AC_UL320_.jpg,kitchen organizer,2026-10-01T13:19:28.953663+00:00
39,amazon,"TEX-RO Stainless Steel Dish Drying Rack for Kitchen with Drainer Tray & Cutlery Holder | Utensils Drying Rack & Dish Drainer Basket | Bartan Stand Steel | Large 56x43x23 cm, Chrome Finish",B0CBN7X3V1,https://www.amazon.in/dp/B0CBN7X3V1,837.0,1899.0,55.9,,3400.0,,56.0,native_badge,high,True,"Best sellerin Dish RacksTEX-RO Stainless Steel Dish Drying Rack for Kitchen with Drainer Tray & Cutlery Holder | Utensils Drying Rack & Dish Drainer Basket | Bartan Stand Steel | Large 56x43x23 cm, Chrome Finish 4.04.0 out of 5 stars (3.4K)  4K+ bought in past monthPrice, product page₹837₹837 M.R.P: ₹1,899M.R.P: ₹1,899₹1,899 (56% off)Up to 5% back with Amazon Pay ICICI cardUp to 5% back with Amazon Pay ICI...FREE delivery Mon, 5 OctOr fastest delivery Sun, 4 OctAdd to cart",109.0,False,39,group_1,,https://m.media-amazon.com/images/I/81yYaxjauDL._AC_UL320_.jpg,kitchen organizer,2026-10-01T13:19:28.954359+00:00
40,amazon,"Wooden Spice Rack Organizer – 2 Tier Kitchen Counter Organizer Stand | White Shelves Storage Rack for Spices, Condiments & Kitchen Essentials - 33 x 16 x 25 cm",B0GRKHW5H7,https://www.amazon.in/dp/B0GRKHW5H7,299.0,899.0,66.7,,103.0,,2.0,native_badge,high,True,"Wooden Spice Rack Organizer – 2 Tier Kitchen Counter Organizer Stand | White Shelves Storage Rack for Spices, Condiments & Kitchen Essentials - 33 x 16 x 25 cm 4.14.1 out of 5 stars (103)  600+ bought in past monthPrice, product page₹299₹299 M.R.P: ₹899M.R.P: ₹899₹899 (67% off)Up to 5% back with Amazon Pay ICICI cardUp to 5% back with Amazon Pay ICI...FREE delivery Thu, 8 OctAdd to cart",,False,40,,,https://m.media-amazon.com/images/I/71iVakY3KSL._AC_UL320_.jpg,kitchen organizer,2026-10-01T13:19:28.954936+00:00
41,amazon,SHIOK DCOR 2-Tier Multipurpose Standing Storage Rack - Black | Modern & Durable Storage Shelf Organizer for Kitchen Countertop & Bathroom | Metal Mesh Basket Design with Wheels,B0FZHQGVVL,https://www.amazon.in/dp/B0FZHQGVVL,574.0,999.0,42.5,,290.0,,2.0,native_badge,high,True,"SHIOK DCOR 2-Tier Multipurpose Standing Storage Rack - Black | Modern & Durable Storage Shelf Organizer for Kitchen Countertop & Bathroom | Metal Mesh Basket Design with Wheels 4.34.3 out of 5 stars (290)  900+ bought in past monthPrice, product page₹574₹574 M.R.P: ₹999M.R.P: ₹999₹999 (43% off)Up to 5% back with Amazon Pay ICICI cardUp to 5% back with Amazon Pay ICI...FREE delivery Tue, 6 OctAdd to cart",,False,41,,,https://m.media-amazon.com/images/I/61gz1AHX5IL._AC_UL320_.jpg,kitchen organizer,2026-10-01T13:19:28.955572+00:00
42,amazon,"3-Tier Spice Rack, 13.8 Inch Wood Step Shelf Countertop Spice Storage Holder, Kitchen Pantry Cabinet Organizer Cupboard for Spice Bottles, Jars, Seasonings, Baking Supplies,",B0G3P735DB,https://www.amazon.in/dp/B0G3P735DB,299.0,1499.0,80.1,,473.0,,3.0,native_badge,high,True,"3-Tier Spice Rack, 13.8 Inch Wood Step Shelf Countertop Spice Storage Holder, Kitchen Pantry Cabinet Organizer Cupboard for Spice Bottles, Jars, Seasonings, Baking Supplies, 3.93.9 out of 5 stars (473)  2K+ bought in past monthPrice, product page₹299₹299 M.R.P: ₹1,499M.R.P: ₹1,499₹1,499 (80% off)Up to 5% back with Amazon Pay ICICI cardUp to 5% back with Amazon Pay ICI...FREE delivery Thu, 8 OctAdd to cart",,False,42,,,https://m.media-amazon.com/images/I/71xxik7txQL._AC_UL320_.jpg,kitchen organizer,2026-10-01T13:19:28.955895+00:00
43,amazon,"2 Tier Wooden Kitchen Organizer Rack for Countertop | Spice Jar Storage Shelf & Countertop Organizer | Kitchen Rack Stand for Spices, Tea, Coffee & Condiments | 45 x 20 x 40 cm, Brown",B0F1KJTR6V,https://www.amazon.in/dp/B0F1KJTR6V,947.0,3999.0,76.3,,100.0,,2.0,native_badge,high,True,"2 Tier Wooden Kitchen Organizer Rack for Countertop | Spice Jar Storage Shelf & Countertop Organizer | Kitchen Rack Stand for Spices, Tea, Coffee & Condiments | 45 x 20 x 40 cm, Brown 4.24.2 out of 5 stars (100)  400+ bought in past monthLimited time dealPrice, product page₹947₹947 M.R.P: ₹3,999M.R.P: ₹3,999₹3,999 (76% off)Up to 5% back with Amazon Pay ICICI cardUp to 5% back with Amazon Pay ICI...FREE delivery Wed, 7 OctAdd to cart",,False,43,,,https://m.media-amazon.com/images/I/71IulnLF81L._AC_UL320_.jpg,kitchen organizer,2026-10-01T13:19:28.956224+00:00
44,amazon,"Rellon Spice Rack, 2 Tier Spice Organizer, Kitchen Orgeniser, Spice Holder, for Kitchen Countertop and Cabinet, Compact and Versatile, Rustic Brown.(Not Revolving)",B0GH8L1SCC,https://www.amazon.in/dp/B0GH8L1SCC,699.0,1499.0,53.4,,58.0,,,relative_only,none,False,"Rellon Spice Rack, 2 Tier Spice Organizer, Kitchen Orgeniser, Spice Holder, for Kitchen Countertop and Cabinet, Compact and Versatile, Rustic Brown.(Not Revolving) 3.73.7 out of 5 stars (58)  100+ bought in past monthPrice, product page₹699₹699 M.R.P: ₹1,499M.R.P: ₹1,499₹1,499 (53% off)Up to 5% back with Amazon Pay ICICI cardUp to 5% back with Amazon Pay ICI...FREE delivery Sat, 3 OctOr fastest delivery Tomorrow 6 am - 10 amAdd to cart",,False,44,,,https://m.media-amazon.com/images/I/71a75wuj62L._AC_UL320_.jpg,kitchen organizer,2026-10-01T13:19:28.956493+00:00
45,amazon,"IVAZA 2-Tier Stainless Steel Spice Rack – Kitchen Organizer Shelf for Condiment Bottles, Sauces, and Jars – Multipurpose Storage Stand for Pantry and Countertop Use",B0F7RRPQJY,https://www.amazon.in/dp/B0F7RRPQJY,349.0,1999.0,82.5,,101.0,,2.0,native_badge,high,True,"IVAZA 2-Tier Stainless Steel Spice Rack – Kitchen Organizer Shelf for Condiment Bottles, Sauces, and Jars – Multipurpose Storage Stand for Pantry and Countertop Use 3.93.9 out of 5 stars (101)  100+ bought in past monthLimited time dealPrice, product page₹349₹349 M.R.P: ₹1,999M.R.P: ₹1,999₹1,999 (83% off)You pay ₹338.53 3% off coupon appliedYou pay ₹338.53  with coupon FREE delivery Sat, 3 OctOr fastest delivery Tomorrow, 2 OctAdd to cart",,False,45,,,https://m.media-amazon.com/images/I/71-fFbPFhOL._AC_UL320_.jpg,kitchen organizer,2026-10-01T13:19:28.956787+00:00
46,amazon,"amazon basics Engineered Wood Multi-Purpose Rack for Microwave, OTG, Oven, Floor Mount, Tiered Shelf| Kitchen Organizer (Brown) | 40D x 60W x 70.6H cm",B0C7KLXQ46,https://www.amazon.in/dp/B0C7KLXQ46,1699.0,3199.0,46.9,,355.0,,,relative_only,none,False,,,False,46,,,https://m.media-amazon.com/images/I/71qhwAWhhyL._AC_UL320_.jpg,kitchen organizer,2026-10-01T13:19:28.957092+00:00
47,amazon,"2-Tier Kitchen Organizer Rack, Storage & container, Masala Racks Storage | Kitchen, Pantry & Bathroom storage & container, Multipurpose Space-Saving Rack for Home | Back Metal",B0FMYVTD7Y,https://www.amazon.in/dp/B0FMYVTD7Y,699.0,1700.0,58.9,,28.0,,,relative_only,none,False,,,False,47,,,https://m.media-amazon.com/images/I/81Vtq9H8ROL._AC_UL320_.jpg,kitchen organizer,2026-10-01T13:19:28.957445+00:00
48,amazon,"HomeWiz Fridge Storage Containers 850ml x6 | Storage Container Set | Fridge Organiser Storage Boxes | Food Grade BPA-Free Plastic Containers |Stackable, Transparent, for Fruits, Vegetables & Leftovers",B0FM3G3KJ9,https://www.amazon.in/dp/B0FM3G3KJ9,153.79,,,,1100.0,,850000000.0,native_badge,high,True,"HomeWiz Fridge Storage Containers 850ml x6 | Storage Container Set | Fridge Organiser Storage Boxes | Food Grade BPA-Free Plastic Containers |Stackable, Transparent, for Fruits, Vegetables & Leftovers 4.14.1 out of 5 stars (1.1K)  300+ bought in past monthPrice, product page₹153.79₹153.79 (₹25.63₹25.63/count) M.R.P: ₹259M.R.P: ₹259₹259 (41% off)Up to 5% back with Amazon Pay ICICI cardUp to 5% back with Amazon Pay ICI...FREE delivery Sat, 3 OctOr fastest delivery Tomorrow 6 am - 10 amAdd to cart",369.0,False,48,,,https://m.media-amazon.com/images/I/815lfNl2nEL._AC_UL320_.jpg,kitchen organizer,2026-10-01T13:19:28.958086+00:00
49,amazon,"Dravizon Rotating Grain Dispenser for Kitchen | 6 Compartment Airtight Storage Container for Rice, Dal & Pulses | BPA-Free Plastic | Single-Button Dispensing | 360° Rotation | 6 Kgs Capacity",B0FBRWNHR2,https://www.amazon.in/dp/B0FBRWNHR2,1999.0,3999.0,50.0,,777.0,,6.0,native_badge,high,True,"Best sellerin Cereal DispensersDravizon Rotating Grain Dispenser for Kitchen | 6 Compartment Airtight Storage Container for Rice, Dal & Pulses | BPA-Free Plastic | Single-Button Dispensing | 360° Rotation | 6 Kgs Capacity 4.24.2 out of 5 stars (777)  500+ bought in past monthPrice, product page₹1,999₹1,999 M.R.P: ₹3,999M.R.P: ₹3,999₹3,999 (50% off)Up to 5% back with Amazon Pay ICICI cardUp to 5% back with Amazon Pay ICI...FREE delivery Mon, 5 OctOr fastest delivery Sun, 4 OctAdd to cartMore Buying Choices₹1,670(3 new offers)",,False,1,,,https://m.media-amazon.com/images/I/61H1leoQHRL._AC_UL320_.jpg,kitchen organizer,2026-10-01T13:19:39.782680+00:00
50,amazon,"Rellon Industries Cabinet Organizer Shelf, Set of 2 Kitchen Counter Shelves, Kitchen Storage, Spice Rack, Stackable, Expandable, Metal and Engineered Wood, Black and Natural (Wooden)",B0CH31PTWY,https://www.amazon.in/dp/B0CH31PTWY,699.0,1999.0,65.0,,332.0,,,relative_only,none,False,"Rellon Industries Cabinet Organizer Shelf, Set of 2 Kitchen Counter Shelves, Kitchen Storage, Spice Rack, Stackable, Expandable, Metal and Engineered Wood, Black and Natural (Wooden) 4.14.1 out of 5 stars (332)  300+ bought in past monthPrice, product page₹699₹699 M.R.P: ₹1,999M.R.P: ₹1,999₹1,999 (65% off)Up to 5% back with Amazon Pay ICICI cardUp to 5% back with Amazon Pay ICI...FREE delivery Tue, 6 OctOr fastest delivery Mon, 5 OctSee options",,False,2,,,https://m.media-amazon.com/images/I/71nmC5w4-BL._AC_UL320_.jpg,kitchen organizer,2026-10-01T13:19:39.783181+00:00
51,amazon,"Lifewit Pallvari Utensil Organizer for Kitchen Drawer, Expandable Cooking Silverware Tray, Adjustable Cutlery Flatware Holder, Plastic Spatula Tools Storage Divider, 13-22.4 x 15"", Black",B0CGCFYGLK,https://www.amazon.in/dp/B0CGCFYGLK,585.0,1299.0,55.0,,5500.0,,,relative_only,none,False,"Lifewit Pallvari Utensil Organizer for Kitchen Drawer, Expandable Cooking Silverware Tray, Adjustable Cutlery Flatware Holder, Plastic Spatula Tools Storage Divider, 13-22.4 x 15"", Black 4.14.1 out of 5 stars (5.5K)  200+ bought in past monthPrice, product page₹585₹585 M.R.P: ₹1,299M.R.P: ₹1,299₹1,299 (55% off)You pay ₹555.75 5% off coupon appliedYou pay ₹555.75  with coupon FREE delivery Mon, 5 OctOr fastest delivery Sun, 4 OctSee options",,False,3,,,https://m.media-amazon.com/images/I/61r9GJmf3QL._AC_UL320_.jpg,kitchen organizer,2026-10-01T13:19:39.783697+00:00
52,amazon,"Zollyss Drawer Divider, Bamboo Expandable Drawer Organizers Set of 4, Adjustable Drawer Separators for Kitchen, Dresser, Bedroom & Office, Fits 17-22 Inch Drawers, Natural",B09771ZDK1,https://www.amazon.in/dp/B09771ZDK1,1799.0,1999.0,10.0,,294.0,,,relative_only,none,False,"Zollyss Drawer Divider, Bamboo Expandable Drawer Organizers Set of 4, Adjustable Drawer Separators for Kitchen, Dresser, Bedroom & Office, Fits 17-22 Inch Drawers, Natural 4.44.4 out of 5 stars (294)  200+ bought in past monthLimited time dealPrice, product page₹1,799₹1,799 M.R.P: ₹1,999M.R.P: ₹1,999₹1,999 (10% off)Up to 5% back with Amazon Pay ICICI cardUp to 5% back with Amazon Pay ICI...FREE delivery Sat, 3 OctOr fastest delivery Tomorrow 6 am - 10 amAdd to cart",,False,4,,,https://m.media-amazon.com/images/I/71-EvL5paPL._AC_UL320_.jpg,kitchen organizer,2026-10-01T13:19:39.784207+00:00
53,amazon,"JD FRESH Utensils Dish Drying Rack with Drainer Tray | Steel Bartan Stand for Kitchen | Anti Rust, Smart Drain Outlet | Detachable Cutlery Holder | Countertop Organizer | Black (43x33x10 CM)",B0GHWY79CS,https://www.amazon.in/dp/B0GHWY79CS,999.0,1999.0,50.0,,512.0,,,relative_only,none,False,"JD FRESH Utensils Dish Drying Rack with Drainer Tray | Steel Bartan Stand for Kitchen | Anti Rust, Smart Drain Outlet | Detachable Cutlery Holder | Countertop Organizer | Black (43x33x10 CM) 4.04.0 out of 5 stars (512)  1K+ bought in past monthPrice, product page₹999₹999 M.R.P: ₹1,999M.R.P: ₹1,999₹1,999 (50% off)Up to 5% back with Amazon Pay ICICI cardUp to 5% back with Amazon Pay ICI...FREE delivery Sat, 3 OctOr fastest delivery Tomorrow, 2 OctAdd to cart",,False,5,,,https://m.media-amazon.com/images/I/71wLC4PG3fL._AC_UL320_.jpg,kitchen organizer,2026-10-01T13:19:39.784692+00:00
54,amazon,"Boniry 1 Pcs Double-Row 12 Hooks for Kitchen Storage - Cupboard Hanging Organizer for Coffee, Tea Cups, Towels, and More | Versatile Metal Hooks for Home, Office",B0D77HR8R4,https://www.amazon.in/dp/B0D77HR8R4,299.0,999.0,70.1,,384.0,,1.0,native_badge,high,True,"Boniry 1 Pcs Double-Row 12 Hooks for Kitchen Storage - Cupboard Hanging Organizer for Coffee, Tea Cups, Towels, and More | Versatile Metal Hooks for Home, Office 4.14.1 out of 5 stars (384)  300+ bought in past monthLimited time dealPrice, product page₹299₹299 M.R.P: ₹999M.R.P: ₹999₹999 (70% off)Up to 5% back with Amazon Pay ICICI cardUp to 5% back with Amazon Pay ICI...FREE delivery Sat, 3 OctOr fastest delivery Tomorrow, 2 OctAdd to cart",,False,6,,,https://m.media-amazon.com/images/I/61Q6K7lyCBL._AC_UL320_.jpg,kitchen organizer,2026-10-01T13:19:39.785164+00:00
55,amazon,"TEX-RO Plastic Storage Rack for Bedroom/Shelf for Bedroom/Bathroom Storage Rack/Trolley for Kitchen Storage/Multipurpose Storage Rack (Black, 2 Layer)",B0FRZF7RVS,https://www.amazon.in/dp/B0FRZF7RVS,275.0,1499.0,81.7,,329.0,,,relative_only,none,False,"TEX-RO Plastic Storage Rack for Bedroom/Shelf for Bedroom/Bathroom Storage Rack/Trolley for Kitchen Storage/Multipurpose Storage Rack (Black, 2 Layer) 3.53.5 out of 5 stars (329)  600+ bought in past monthPrice, product page₹275₹275 M.R.P: ₹1,499M.R.P: ₹1,499₹1,499 (82% off)Up to 5% back with Amazon Pay ICICI cardUp to 5% back with Amazon Pay ICI...FREE delivery Sat, 3 OctOr fastest delivery Tomorrow 6 am - 10 amAdd to cart",,False,7,,,https://m.media-amazon.com/images/I/7182sHilcZL._AC_UL320_.jpg,kitchen organizer,2026-10-01T13:19:39.785638+00:00
56,amazon,"Clazkit Stainless Steel Glass Holder for 6 Glasses, Glass Stand Steel for Dining Table/Kitchen, Tumbler Holder, Pull-Out Countertop Shelves Heavy Duty - SILVER",B0DK8X1ZQY,https://www.amazon.in/dp/B0DK8X1ZQY,203.0,249.0,18.5,,706.0,,6.0,native_badge,high,True,"Clazkit Stainless Steel Glass Holder for 6 Glasses, Glass Stand Steel for Dining Table/Kitchen, Tumbler Holder, Pull-Out Countertop Shelves Heavy Duty - SILVER 4.24.2 out of 5 stars (706)  700+ bought in past monthPrice, product page₹203₹203 M.R.P: ₹249M.R.P: ₹249₹249 (18% off)Up to 5% back with Amazon Pay ICICI cardUp to 5% back with Amazon Pay ICI...FREE delivery Sat, 3 OctOr fastest delivery Tomorrow 6 am - 10 amAdd to cart",,False,8,,,https://m.media-amazon.com/images/I/51933AHI3AL._AC_UL320_.jpg,kitchen organizer,2026-10-01T13:19:39.786098+00:00
57,amazon,"Amazon Basics Slim Rolling Storage Rack – 3-Tiered Shelf Plastic Slide-Out Organizer | Space-Saving, Multipurpose | for Kitchen, Bathroom, Laundry, Pantry & Utility Storage | Floor Standing | White",B08BVJYLZ3,https://www.amazon.in/dp/B08BVJYLZ3,529.0,1500.0,64.7,,2500.0,,3.0,native_badge,high,True,"Best sellerin Standing Shelf UnitsAmazon Basics Slim Rolling Storage Rack – 3-Tiered Shelf Plastic Slide-Out Organizer | Space-Saving, Multipurpose | for Kitchen, Bathroom, Laundry, Pantry & Utility Storage | Floor Standing | White Top Reviewed for Storage capacity4.34.3 out of 5 stars (2.5K)  1K+ bought in past monthSale Price LivePrice, product page₹529₹529 M.R.P: ₹1,500M.R.P: ₹1,500₹1,500 (65% off)Up to 5% back with Amazon Pay ICICI cardUp to 5% back with Amazon Pay ICI...FREE delivery Sat, 3 OctOr fastest delivery Tomorrow, 2 OctAdd to cart",,False,9,,,https://m.media-amazon.com/images/I/716EAlHcDOL._AC_UL320_.jpg,kitchen organizer,2026-10-01T13:19:39.786620+00:00
58,amazon,"TEX-RO Drawer Organizer Tray/Multi-Purpose Drawers Organisers/Dressing Table Organiser & Make up Organiser/Perfect for Cosmetics, Jewelry, Kitchen and Bathroom (21 pcs, Transparent)",B0F2N86F68,https://www.amazon.in/dp/B0F2N86F68,890.0,1999.0,55.5,,273.0,,,relative_only,none,False,"Best sellerin Drawer OrganizersTEX-RO Drawer Organizer Tray/Multi-Purpose Drawers Organisers/Dressing Table Organiser & Make up Organiser/Perfect for Cosmetics, Jewelry, Kitchen and Bathroom (21 pcs, Transparent) 4.44.4 out of 5 stars (273)  1K+ bought in past monthPrice, product page₹890₹890 M.R.P: ₹1,999M.R.P: ₹1,999₹1,999 (55% off)Up to 5% back with Amazon Pay ICICI cardUp to 5% back with Amazon Pay ICI...FREE delivery Sat, 3 OctOr fastest delivery Tomorrow 6 am - 10 amSee options",,False,10,,,https://m.media-amazon.com/images/I/71nEhNUcQOL._AC_UL320_.jpg,kitchen organizer,2026-10-01T13:19:39.787071+00:00
59,amazon,"Decorlay Multipurpose Kitchen Plate Stand Dish Pan-Pot Lid Utensils Holder Space Saving Chopping Board Holder Corner Shelf Rack Cabinet Organizer (22x12x12.5) CM (White, Pack of 2)",B0BYW19QCM,https://www.amazon.in/dp/B0BYW19QCM,448.0,1599.0,72.0,,517.0,,22.0,native_badge,high,True,"Decorlay Multipurpose Kitchen Plate Stand Dish Pan-Pot Lid Utensils Holder Space Saving Chopping Board Holder Corner Shelf Rack Cabinet Organizer (22x12x12.5) CM (White, Pack of 2) 4.44.4 out of 5 stars (517)  600+ bought in past monthPrice, product page₹448₹448 M.R.P: ₹1,599M.R.P: ₹1,599₹1,599 (72% off)Up to 5% back with Amazon Pay ICICI cardUp to 5% back with Amazon Pay ICI...FREE delivery Mon, 5 OctOr fastest delivery Tomorrow, 2 OctAdd to cart",2416.0,False,11,,,https://m.media-amazon.com/images/I/71837lz3C9L._AC_UL320_.jpg,kitchen organizer,2026-10-01T13:19:39.787436+00:00
60,amazon,CHHAAP Stainless Steel 2-Tier Countertop Spice Rack with Tiered Shelves for Kitchen Storage,B0H2BDZY32,https://www.amazon.in/dp/B0H2BDZY32,215.0,699.0,69.2,,139.0,,1.0,native_badge,high,True,"+1 other color/patternCHHAAP Stainless Steel 2-Tier Countertop Spice Rack with Tiered Shelves for Kitchen Storage 4.24.2 out of 5 stars (139)  600+ bought in past monthPrice, product page₹215₹215 M.R.P: ₹699M.R.P: ₹699₹699 (69% off)Up to 5% back with Amazon Pay ICICI cardUp to 5% back with Amazon Pay ICI...FREE delivery Mon, 5 OctAdd to cart",,False,12,,,https://m.media-amazon.com/images/I/71q6XDzWX0L._AC_UL320_.jpg,kitchen organizer,2026-10-01T13:19:39.787831+00:00
61,amazon,"GOLWYN Polyethylene Terephthalate (PET) Airtight Containers Kitchen Storage Box, Food Storage Container, Stackable & Transparent Organizer Jars, Masala Dabba Container, Set of 6 (1200ml each)",B0DYXVWC5B,https://www.amazon.in/dp/B0DYXVWC5B,640.0,,,,1000.0,,,relative_only,none,False,"GOLWYN Polyethylene Terephthalate (PET) Airtight Containers Kitchen Storage Box, Food Storage Container, Stackable & Transparent Organizer Jars, Masala Dabba Container, Set of 6 (1200ml each) 4.34.3 out of 5 stars (1K)  2K+ bought in past monthPrice, product page₹640₹640 (₹106.67₹106.67/piece) M.R.P: ₹1,999M.R.P: ₹1,999₹1,999 (68% off)You pay ₹620.80 3% off coupon appliedYou pay ₹620.80  with coupon FREE delivery Sat, 3 OctOr fastest delivery Tomorrow 6 am - 10 amAdd to cart",,False,13,,,https://m.media-amazon.com/images/I/71auAIxh1PL._AC_UL320_.jpg,kitchen organizer,2026-10-01T13:19:39.788231+00:00
62,amazon,"Zollyss Stainless Steel Kitchen Sink Caddy Organizer with Drain Tray | Countertop & Wall Mount Soap Sponge Holder | Rustproof Sink Organizer for Dish Brush, Soap Dispenser & Scrubber, Silver",B09Z6JLCWV,https://www.amazon.in/dp/B09Z6JLCWV,497.0,899.0,44.7,,765.0,,,relative_only,none,False,"Zollyss Stainless Steel Kitchen Sink Caddy Organizer with Drain Tray | Countertop & Wall Mount Soap Sponge Holder | Rustproof Sink Organizer for Dish Brush, Soap Dispenser & Scrubber, Silver 3.93.9 out of 5 stars (765)  200+ bought in past monthLimited time dealPrice, product page₹497₹497 M.R.P: ₹899M.R.P: ₹899₹899 (45% off)Up to 5% back with Amazon Pay ICICI cardUp to 5% back with Amazon Pay ICI...FREE delivery Sat, 3 OctOr fastest delivery Tomorrow, 2 OctAdd to cart",,False,14,,,https://m.media-amazon.com/images/I/71i7uWEyF8L._AC_UL320_.jpg,kitchen organizer,2026-10-01T13:19:39.788604+00:00
63,amazon,Craftland Wrought Iron Countertop/Cabinet 2 Tier Kitchen Organiser/stand/Shelf/Holder/Utensils Rack for Spices Jars (White),B08XKD5P1R,https://www.amazon.in/dp/B08XKD5P1R,570.0,1299.0,56.1,,1200.0,,2.0,native_badge,high,True,"Craftland Wrought Iron Countertop/Cabinet 2 Tier Kitchen Organiser/stand/Shelf/Holder/Utensils Rack for Spices Jars (White) 4.14.1 out of 5 stars (1.2K)  300+ bought in past monthLimited time dealPrice, product page₹570₹570 M.R.P: ₹1,299M.R.P: ₹1,299₹1,299 (56% off)You pay ₹558.60 2% off coupon appliedYou pay ₹558.60  with coupon FREE delivery Sat, 3 OctOr fastest delivery Tomorrow 6 am - 10 amAdd to cart",,False,15,,,https://m.media-amazon.com/images/I/61i-G4VG+CL._AC_UL320_.jpg,kitchen organizer,2026-10-01T13:19:39.789009+00:00
64,amazon,"Organizer Tray Office Drawer Dividers Storage Bins Multipurpose Desk for Makeup, Kitchen, Office, Bathroom, Bedroom Dreassing, Basket Rack MultiColor(23*8*5 CM) Pack Of 6 (Multi 6pcs)",B0CR374476,https://www.amazon.in/dp/B0CR374476,173.0,599.0,71.1,,849.0,,,relative_only,none,False,"Organizer Tray Office Drawer Dividers Storage Bins Multipurpose Desk for Makeup, Kitchen, Office, Bathroom, Bedroom Dreassing, Basket Rack MultiColor(23*8*5 CM) Pack Of 6 (Multi 6pcs) 4.14.1 out of 5 stars (849)  400+ bought in past monthPrice, product page₹173₹173 M.R.P: ₹599M.R.P: ₹599₹599 (71% off)Up to 5% back with Amazon Pay ICICI cardUp to 5% back with Amazon Pay ICI...FREE delivery Sat, 3 OctOr fastest delivery Tomorrow 6 am - 10 amAdd to cart",,False,16,,,https://m.media-amazon.com/images/I/71UDWR9wrBL._AC_UL320_.jpg,kitchen organizer,2026-10-01T13:19:39.789369+00:00
65,amazon,"spice rackWooden Kitchen Rack Wall Mounted | Wall Storage Shelf | Wall Mounted Kitchen Organizer Rack Wooden with Hooks |Shelf Storage Rack for Spices, Containers & Utensils",B0H58NYVDS,https://www.amazon.in/dp/B0H58NYVDS,649.0,1299.0,50.0,,2.0,,,relative_only,none,False,"spice rackWooden Kitchen Rack Wall Mounted | Wall Storage Shelf | Wall Mounted Kitchen Organizer Rack Wooden with Hooks |Shelf Storage Rack for Spices, Containers & Utensils 3.03.0 out of 5 stars (2)  50+ bought in past monthPrice, product page₹649₹649 M.R.P: ₹1,299M.R.P: ₹1,299₹1,299 (50% off)Up to 5% back with Amazon Pay ICICI cardUp to 5% back with Amazon Pay ICI...FREE delivery Thu, 8 OctAdd to cart",,False,17,,,https://m.media-amazon.com/images/I/81runUlu8wL._AC_UL320_.jpg,kitchen organizer,2026-10-01T13:19:39.789736+00:00
66,amazon,"2 Tier Wooden Kitchen Counter Organizer Rack | Multipurpose Countertop Shelf for, OTG, Coffee Maker, Spice Jars & Kitchen Storage | Space Saving Stand | Brown & White | 12 x 10 Inch",B0H62Z3PYH,https://www.amazon.in/dp/B0H62Z3PYH,245.0,899.0,72.7,,38.0,,2.0,native_badge,high,True,"2 Tier Wooden Kitchen Counter Organizer Rack | Multipurpose Countertop Shelf for, OTG, Coffee Maker, Spice Jars & Kitchen Storage | Space Saving Stand | Brown & White | 12 x 10 Inch 3.93.9 out of 5 stars (38)  200+ bought in past monthPrice, product page₹245₹245 M.R.P: ₹899M.R.P: ₹899₹899 (73% off)Up to 5% back with Amazon Pay ICICI cardUp to 5% back with Amazon Pay ICI...FREE delivery Thu, 8 OctAdd to cart",,False,18,,,https://m.media-amazon.com/images/I/81GCZ61nhgL._AC_UL320_.jpg,kitchen organizer,2026-10-01T13:19:39.790050+00:00
67,amazon,"VOLTURI Fridge Organiser Storage Boxes (Pack of 6), Fridge Organizer, Fridge Storage Containers, Kitchen Storage Box, Containers for Kitchen Storage, Fruits, Vegetables, Pulses, Cereals, Grains 950 ML",B0DFWPMPCT,https://www.amazon.in/dp/B0DFWPMPCT,299.0,,,,11600.0,,6.0,native_badge,high,True,"Best sellerin Jars & ContainersVOLTURI Fridge Organiser Storage Boxes (Pack of 6), Fridge Organizer, Fridge Storage Containers, Kitchen Storage Box, Containers for Kitchen Storage, Fruits, Vegetables, Pulses, Cereals, Grains 950 ML 4.14.1 out of 5 stars (11.6K)  1K+ bought in past monthPrice, product page₹299₹299 (₹49.83₹49.83/count) M.R.P: ₹999M.R.P: ₹999₹999 (70% off)Up to 5% back with Amazon Pay ICICI cardUp to 5% back with Amazon Pay ICI...FREE delivery Sat, 3 OctOr fastest delivery Tomorrow 6 am - 10 amAdd to cart",,False,19,,,https://m.media-amazon.com/images/I/817QbQ3PQOL._AC_UL320_.jpg,kitchen organizer,2026-10-01T13:19:39.790360+00:00
68,amazon,"TEX-RO Plastic Trays for Storage Organizer | Multipurpose Tray for Kitchen, Office & Drawer | Storage Tray for Documents, Cosmetics, Stationery | Woven Design Basket - Brown, Pack of 2",B0GN8JRXW3,https://www.amazon.in/dp/B0GN8JRXW3,247.0,599.0,58.8,,115.0,,,relative_only,none,False,"Best sellerin TraysTEX-RO Plastic Trays for Storage Organizer | Multipurpose Tray for Kitchen, Office & Drawer | Storage Tray for Documents, Cosmetics, Stationery | Woven Design Basket - Brown, Pack of 2 4.24.2 out of 5 stars (115)  700+ bought in past monthLimited time dealPrice, product page₹247₹247 M.R.P: ₹599M.R.P: ₹599₹599 (59% off)Up to 5% back with Amazon Pay ICICI cardUp to 5% back with Amazon Pay ICI...FREE delivery Sat, 3 OctOr fastest delivery Tomorrow, 2 OctSee options",,False,20,,,https://m.media-amazon.com/images/I/71orB52xBLL._AC_UL320_.jpg,kitchen organizer,2026-10-01T13:19:39.790957+00:00
69,amazon,"DALUCI Set of 2 Metal Bathroom Corner Shelf Rack | No Drilling Self Adhesive Wall Mounted Storage Organizer for Bathroom & Kitchen | Rustproof Bathroom Shelves (8 & 9 INCH, Black)",B0G4RNDJF6,https://www.amazon.in/dp/B0G4RNDJF6,298.99,699.0,57.2,,1800.0,,2000000.0,native_badge,high,True,"Best sellerin Bathroom ShelvesDALUCI Set of 2 Metal Bathroom Corner Shelf Rack | No Drilling Self Adhesive Wall Mounted Storage Organizer for Bathroom & Kitchen | Rustproof Bathroom Shelves (8 & 9 INCH, Black) 4.04.0 out of 5 stars (1.8K)  10K+ bought in past monthLimited time dealPrice, product page₹298.99₹298.99 M.R.P: ₹699M.R.P: ₹699₹699 (57% off)Up to 5% back with Amazon Pay ICICI cardUp to 5% back with Amazon Pay ICI...FREE delivery Sat, 3 OctOr fastest delivery Tomorrow, 2 OctService: InstallationAdd to cartMore Buying Choices₹298(4 new offers)",4.0,False,21,group_2,,https://m.media-amazon.com/images/I/81VF4kpZlwL._AC_UL320_.jpg,kitchen organizer,2026-10-01T13:19:39.791338+00:00
70,amazon,FireBees 2 tier kitchen counter organiser | wooden kitchen organizer rack | spice rack | kitchen stand organiser | masala organizer rack | aesthetic kitchen items | container rack 33 x 16 x 25 cm,B0GW9K5WCW,https://www.amazon.in/dp/B0GW9K5WCW,299.0,900.0,66.8,,100.0,,2.0,native_badge,high,True,"FireBees 2 tier kitchen counter organiser | wooden kitchen organizer rack | spice rack | kitchen stand organiser | masala organizer rack | aesthetic kitchen items | container rack 33 x 16 x 25 cm 4.24.2 out of 5 stars (100)  700+ bought in past monthPrice, product page₹299₹299 M.R.P: ₹900M.R.P: ₹900₹900 (67% off)Up to 5% back with Amazon Pay ICICI cardUp to 5% back with Amazon Pay ICI...FREE delivery Thu, 8 OctAdd to cart",,False,22,,,https://m.media-amazon.com/images/I/51tPDFqzgaL._AC_UL320_.jpg,kitchen organizer,2026-10-01T13:19:39.791623+00:00
71,amazon,"Puricon 1 Pack Under Sink Organizers and Storage Pull Out Sliding Drawer, 2 Tier Multi-purpose Kitchen Under the Sink Organizer Under Bathroom Sink Shelf Storage Rack for Countertop Laundry -Black",B0B1VBZ9JK,https://www.amazon.in/dp/B0B1VBZ9JK,594.99,999.0,40.4,,6600.0,,1.0,native_badge,high,True,"Puricon 1 Pack Under Sink Organizers and Storage Pull Out Sliding Drawer, 2 Tier Multi-purpose Kitchen Under the Sink Organizer Under Bathroom Sink Shelf Storage Rack for Countertop Laundry -Black Number 1 Top-Rated4.44.4 out of 5 stars (6.6K)  500+ bought in past monthLimited time dealPrice, product page₹594.99₹594.99 M.R.P: ₹999M.R.P: ₹999₹999 (40% off)Up to 5% back with Amazon Pay ICICI cardUp to 5% back with Amazon Pay ICI...FREE delivery Mon, 5 OctOr fastest delivery Sun, 4 OctAdd to cart",,False,23,,,https://m.media-amazon.com/images/I/714uz72sNjL._AC_UL320_.jpg,kitchen organizer,2026-10-01T13:19:39.791925+00:00
72,amazon,"Cri8Hub Heavy Duty Metal Stand 3-Tier Standing Rack for Home, Bathroom Countertop Storage Shelf, Cosmetic Organizer Holder Kitchen Spice Rack, (Black)",B0F6NBFHX3,https://www.amazon.in/dp/B0F6NBFHX3,549.0,1999.0,72.5,,614.0,,8.0,native_badge,high,True,"Cri8Hub Heavy Duty Metal Stand 3-Tier Standing Rack for Home, Bathroom Countertop Storage Shelf, Cosmetic Organizer Holder Kitchen Spice Rack, (Black) 4.24.2 out of 5 stars (614)  700+ bought in past monthLimited time dealPrice, product page₹549₹549 M.R.P: ₹1,999M.R.P: ₹1,999₹1,999 (73% off)Up to 5% back with Amazon Pay ICICI cardUp to 5% back with Amazon Pay ICI...FREE delivery Mon, 5 OctAdd to cart",719.0,False,24,,,https://m.media-amazon.com/images/I/519RVYDzpEL._AC_UL320_.jpg,kitchen organizer,2026-10-01T13:19:39.792209+00:00
73,amazon,"iBELL Multifunctional Wall-Mounted Kitchen Storage Organizer Rack with Spice Shelf, Utensil Hooks & Holder - IBLCH260",B0DLL13JHY,https://www.amazon.in/dp/B0DLL13JHY,1975.0,3120.0,36.7,,303.0,,,relative_only,none,False,"iBELL Multifunctional Wall-Mounted Kitchen Storage Organizer Rack with Spice Shelf, Utensil Hooks & Holder - IBLCH260 3.93.9 out of 5 stars (303)  200+ bought in past monthPrice, product page₹1,975₹1,975 M.R.P: ₹3,120M.R.P: ₹3,120₹3,120 (37% off)Up to 5% back with Amazon Pay ICICI cardUp to 5% back with Amazon Pay ICI...FREE delivery Sun, 4 OctOr fastest delivery Tomorrow, 2 OctAdd to cart",,False,25,,,https://m.media-amazon.com/images/I/61VXuiMt4qL._AC_UL320_.jpg,kitchen organizer,2026-10-01T13:19:39.792488+00:00
74,amazon,"OXMIC 2-Tier Wooden Spice Rack Organizer, White, 33 x 16 x 25 cm",B0FQ2DKRJ4,https://www.amazon.in/dp/B0FQ2DKRJ4,299.0,999.0,70.1,,605.0,,2.0,native_badge,high,True,"OXMIC 2-Tier Wooden Spice Rack Organizer, White, 33 x 16 x 25 cm Kitchen Organizer Items and Storage, Kitchen Stand, Kitchen Rack Organizer4.24.2 out of 5 stars (605)  500+ bought in past monthPrice, product page₹299₹299 M.R.P: ₹999M.R.P: ₹999₹999 (70% off)Up to 5% back with Amazon Pay ICICI cardUp to 5% back with Amazon Pay ICI...FREE delivery Thu, 8 OctAdd to cart",,False,26,,,https://m.media-amazon.com/images/I/715lovtJIHL._AC_UL320_.jpg,kitchen organizer,2026-10-01T13:19:39.792771+00:00
75,amazon,"Lyrovo Countertop Organizer Organization, 2 Tier Moveable Corner Shelf for Kitchen, Bathroom, Spice Rack, Coffee Area, Over Sink, Dresser Table",B09WF13B3Z,https://www.amazon.in/dp/B09WF13B3Z,540.0,999.0,45.9,,3700.0,,,relative_only,none,False,"Lyrovo Countertop Organizer Organization, 2 Tier Moveable Corner Shelf for Kitchen, Bathroom, Spice Rack, Coffee Area, Over Sink, Dresser Table Top Reviewed for Size4.34.3 out of 5 stars (3.7K)  300+ bought in past monthPrice, product page₹540₹540 M.R.P: ₹999M.R.P: ₹999₹999 (46% off)Up to 5% back with Amazon Pay ICICI cardUp to 5% back with Amazon Pay ICI...FREE delivery Sat, 3 OctOr fastest delivery Tomorrow, 2 OctAdd to cart",,False,27,,,https://m.media-amazon.com/images/I/81yTM-9pcDL._AC_UL320_.jpg,kitchen organizer,2026-10-01T13:19:39.793042+00:00
76,amazon,"Decorlay Metal & Wooden Spice Rack Organizer Space Saver Counter-top Storage for Kitchen, Bathroom, Office, and Cosmetics (White + Beech, Two - Tier)",B0DBM1GLSK,https://www.amazon.in/dp/B0DBM1GLSK,710.0,1999.0,64.5,,353.0,,,relative_only,none,False,"Decorlay Metal & Wooden Spice Rack Organizer Space Saver Counter-top Storage for Kitchen, Bathroom, Office, and Cosmetics (White + Beech, Two - Tier) 4.24.2 out of 5 stars (353)  200+ bought in past monthPrice, product page₹710₹710 M.R.P: ₹1,999M.R.P: ₹1,999₹1,999 (64% off)Up to 5% back with Amazon Pay ICICI cardUp to 5% back with Amazon Pay ICI...FREE delivery Mon, 5 OctOr fastest delivery Tomorrow, 2 OctAdd to cart",,False,28,,,https://m.media-amazon.com/images/I/61p07vz1q-L._AC_UL320_.jpg,kitchen organizer,2026-10-01T13:19:39.793248+00:00
77,amazon,"Lukzer 4 Layer Multipurpose Storage Rack - Heavy Duty Metal & Wood Kitchen Organizer | Space Saving Microwave Oven Stand for Modular Kitchen, Living Room, Bedroom & Office (MKR-004/White & Oak Light)",B0CW1T318R,https://www.amazon.in/dp/B0CW1T318R,3940.0,6899.0,42.9,,1500.0,,4.0,native_badge,high,True,"Lukzer 4 Layer Multipurpose Storage Rack - Heavy Duty Metal & Wood Kitchen Organizer | Space Saving Microwave Oven Stand for Modular Kitchen, Living Room, Bedroom & Office (MKR-004/White & Oak Light) 4.04.0 out of 5 stars (1.5K)  100+ bought in past monthPrice, product page₹3,940₹3,940 M.R.P: ₹6,899M.R.P: ₹6,899₹6,899 (43% off)Up to 5% back with Amazon Pay ICICI cardUp to 5% back with Amazon Pay ICI...FREE delivery Mon, 5 OctAdd to cart",,False,29,,,https://m.media-amazon.com/images/I/71U66bMzbTL._AC_UL320_.jpg,kitchen organizer,2026-10-01T13:19:39.793466+00:00
78,amazon,RADIANT Basket Drainer & Dish Drainer Basket for Kitchen/Utensil Stand for Kitchen/Dish Drying Rack with Drainer/Bartan Stand/Dish Rack (Stainless Steel),B0DV5FQDSF,https://www.amazon.in/dp/B0DV5FQDSF,499.0,999.0,50.1,,1300.0,,,relative_only,none,False,,,False,30,,,https://m.media-amazon.com/images/I/71LQf+CukmL._AC_UL320_.jpg,kitchen organizer,2026-10-01T13:19:39.793687+00:00
79,amazon,"Frenchware Self Adhesive Kitchen Shelf Organiser, Drill-Free Wall Rack",B0G496699R,https://www.amazon.in/dp/B0G496699R,328.0,549.0,40.3,,383.0,,,relative_only,none,False,"Frenchware Self Adhesive Kitchen Shelf Organiser, Drill-Free Wall Rack with Magic Stickers & 4 Hooks, Rust-Proof Storage Shelf for Bathroom, Black4.24.2 out of 5 stars (383)  400+ bought in past monthPrice, product page₹328₹328 M.R.P: ₹549M.R.P: ₹549₹549 (40% off)Up to 5% back with Amazon Pay ICICI cardUp to 5% back with Amazon Pay ICI...FREE delivery Sat, 3 OctOr fastest delivery Tomorrow, 2 OctAdd to cart",,False,31,,,https://m.media-amazon.com/images/I/71QZVUMAEBL._AC_UL320_.jpg,kitchen organizer,2026-10-01T13:19:39.793900+00:00
80,amazon,"GOLWYN Plastic Kitchen Containers Set, Air Tight Container For Kitchen Storage Set, Kitchen Accessories Items, Kitchen Organizer Items And Storage Containers (Transparent, 700 ML Set Of 8)",B0CXJFGDM5,https://www.amazon.in/dp/B0CXJFGDM5,670.0,,,,6200.0,,,relative_only,none,False,"GOLWYN Plastic Kitchen Containers Set, Air Tight Container For Kitchen Storage Set, Kitchen Accessories Items, Kitchen Organizer Items And Storage Containers (Transparent, 700 ML Set Of 8) 4.14.1 out of 5 stars (6.2K)  1K+ bought in past monthPrice, product page₹670₹670 (₹83.75₹83.75/piece) M.R.P: ₹1,599M.R.P: ₹1,599₹1,599 (58% off)You pay ₹649.90 3% off coupon appliedYou pay ₹649.90  with coupon FREE delivery Sat, 3 OctOr fastest delivery Tomorrow 6 am - 10 amAdd to cart",,False,32,,,https://m.media-amazon.com/images/I/71Pzn2LXEiL._AC_UL320_.jpg,kitchen organizer,2026-10-01T13:19:39.794117+00:00
81,amazon,"KWER Metal Kitchen Trolley, Portable Square Storage Baskets Organizer with Wheels for Onion, Kitchen Accessories Items & Vegetable, Black, Layer-2",B0BZRKQT3H,https://www.amazon.in/dp/B0BZRKQT3H,1689.0,3999.0,57.8,,631.0,,,relative_only,none,False,,,False,33,,,https://m.media-amazon.com/images/I/71XEDXburfL._AC_UL320_.jpg,kitchen organizer,2026-10-01T13:19:39.794339+00:00
82,amazon,"Nayasa Plastic Castle Cutlery Stand | Big | Utensils Holder with Compartments & Drip Tray | Spoon, Fork, Knife & Chopstick Organizer | Tabletop & Kitchen Storage Rack | Brown",B06Y63XW1S,https://www.amazon.in/dp/B06Y63XW1S,329.0,489.0,32.7,,,,,relative_only,none,False,"Nayasa Plastic Castle Cutlery Stand | Big | Utensils Holder with Compartments & Drip Tray | Spoon, Fork, Knife & Chopstick Organizer | Tabletop & Kitchen Storage Rack | Brown 4.44.4 out of 5 stars (2.2K)  800+ bought in past monthPrice, product page₹329₹329 M.R.P: ₹489M.R.P: ₹489₹489 (33% off)Up to 5% back with Amazon Pay ICICI cardUp to 5% back with Amazon Pay ICI...FREE delivery Thu, 8 OctOr fastest delivery Tue, 6 OctAdd to cartMore Buying Choices₹319(4 new offers)Get it faster  Price, product page₹349₹349 M.R.P: ₹395M.R.P: ₹395₹395 (12% off) Up to 5% back with Amazon Pay ICICI cardUp to 5% back with Amazon Pay ICI... FREE delivery Sat, 3 OctOr fastest delivery Tomorrow 6 am - 10 am",,False,34,,,https://m.media-amazon.com/images/I/61RVrWUMVTL._AC_UL320_.jpg,kitchen organizer,2026-10-01T13:19:39.794622+00:00
83,amazon,"Xiran 6 Fridge Storage Boxes Fridge Organizer With Removable Drain Plate&Lid Stackable Fridge Storage Containers Plastic Freezer Storage Containers For Fish,Meat,Vegetables,Fruits(1500Ml),Transparent",B0BQZ25WQX,https://www.amazon.in/dp/B0BQZ25WQX,399.0,,,,5100.0,,6.0,native_badge,high,True,"Xiran 6 Fridge Storage Boxes Fridge Organizer With Removable Drain Plate&Lid Stackable Fridge Storage Containers Plastic Freezer Storage Containers For Fish,Meat,Vegetables,Fruits(1500Ml),Transparent 4.24.2 out of 5 stars (5.1K)  1K+ bought in past monthPrice, product page₹399₹399 (₹66.50₹66.50/count) M.R.P: ₹999M.R.P: ₹999₹999 (60% off)Up to 5% back with Amazon Pay ICICI cardUp to 5% back with Amazon Pay ICI...FREE delivery Sat, 3 OctOr fastest delivery Tomorrow 6 am - 10 amAdd to cart",,False,35,,,https://m.media-amazon.com/images/I/71hpkS1d4vL._AC_UL320_.jpg,kitchen organizer,2026-10-01T13:19:39.794831+00:00
84,amazon,"OXMIC 2-Tier Kitchen Rack & Organizer Spice Rack & Container Organizer, Utensils Dishes Spices Jar Holder Rack & Cup & Glass Holder (2 Layer Rack, Tiered Shelf), Countertop, Tabletop (rosewood)",B0H8L4W4LL,https://www.amazon.in/dp/B0H8L4W4LL,295.0,1999.0,85.2,,265.0,,2.0,native_badge,high,True,"OXMIC 2-Tier Kitchen Rack & Organizer Spice Rack & Container Organizer, Utensils Dishes Spices Jar Holder Rack & Cup & Glass Holder (2 Layer Rack, Tiered Shelf), Countertop, Tabletop (rosewood) Top Reviewed for Size4.34.3 out of 5 stars (265)  100+ bought in past monthPrice, product page₹295₹295 M.R.P: ₹1,999M.R.P: ₹1,999₹1,999 (85% off)Up to 5% back with Amazon Pay ICICI cardUp to 5% back with Amazon Pay ICI...FREE delivery Thu, 8 OctAdd to cart",,False,36,,,https://m.media-amazon.com/images/I/61kU8gqMa-L._AC_UL320_.jpg,kitchen organizer,2026-10-01T13:19:39.795078+00:00
85,amazon,"STORACK 5 Shelf Multipurpose Storage Rack for Kitchen, Home & Office | Heavy Duty Steel Storage Rack | 300KG Load Capacity | Height Adjustable Metal Shelf Organizer | Utility Rack 75x35x155 CM Black",B0DQD1GDJG,https://www.amazon.in/dp/B0DQD1GDJG,3999.0,9999.0,60.0,,360.0,,,relative_only,none,False,,,False,37,,,https://m.media-amazon.com/images/I/71I16lyh-nL._AC_UL320_.jpg,kitchen organizer,2026-10-01T13:19:39.795285+00:00
86,amazon,"2 Tier MDF Spice Rack Organizer for Kitchen Counter | Multipurpose Coffee Station Organizer Shelf | Countertop Storage Rack for Spices, Cups, Jars & Home Decor",B0H46LMP2Y,https://www.amazon.in/dp/B0H46LMP2Y,499.0,49900.0,99.0,,23.0,,2.0,native_badge,high,True,"2 Tier MDF Spice Rack Organizer for Kitchen Counter | Multipurpose Coffee Station Organizer Shelf | Countertop Storage Rack for Spices, Cups, Jars & Home Decor 4.04.0 out of 5 stars (23)  300+ bought in past monthPrice, product page₹499₹499 (₹49,900₹49,900/100 g) M.R.P: ₹999M.R.P: ₹999₹999 (50% off)Up to 5% back with Amazon Pay ICICI cardUp to 5% back with Amazon Pay ICI...FREE delivery Thu, 8 OctAdd to cart",,False,38,,,https://m.media-amazon.com/images/I/71JdG2uRurL._AC_UL320_.jpg,kitchen organizer,2026-10-01T13:19:39.795490+00:00
87,amazon,"INOVERA (Label) Lazy Susan 360 Rotating Kitchen Spice Cosmetic Holder Organizer Rack Tray (23L X 23B X 75H Cm, White,Plastic, Tiered Shelf)",B09XVG6B1D,https://www.amazon.in/dp/B09XVG6B1D,249.0,599.0,58.4,,5100.0,,360.0,native_badge,high,True,"INOVERA (Label) Lazy Susan 360 Rotating Kitchen Spice Cosmetic Holder Organizer Rack Tray (23L X 23B X 75H Cm, White,Plastic, Tiered Shelf) 4.44.4 out of 5 stars (5.1K)  500+ bought in past monthPrice, product page₹249₹249 M.R.P: ₹599M.R.P: ₹599₹599 (58% off)Up to 5% back with Amazon Pay ICICI cardUp to 5% back with Amazon Pay ICI...FREE delivery Sat, 3 OctOr fastest delivery Tomorrow 6 am - 10 amAdd to cart",1971.0,False,39,,,https://m.media-amazon.com/images/I/61lZz9eA8eL._AC_UL320_.jpg,kitchen organizer,2026-10-01T13:19:39.795703+00:00
88,amazon,STAR WORK Expandable Pull-Out Pan & Pot Organizer Pan Dish Rack Stand Organizer for Cabinet Kitchen Cabinet Cookware Baking Frying Rack (BLACK),B0FYY5N927,https://www.amazon.in/dp/B0FYY5N927,664.0,999.0,33.5,,113.0,,4.0,native_badge,high,True,"STAR WORK Expandable Pull-Out Pan & Pot Organizer Pan Dish Rack Stand Organizer for Cabinet Kitchen Cabinet Cookware Baking Frying Rack (BLACK) 4.14.1 out of 5 stars (113)  300+ bought in past monthPrice, product page₹664₹664 M.R.P: ₹999M.R.P: ₹999₹999 (34% off)Up to 5% back with Amazon Pay ICICI cardUp to 5% back with Amazon Pay ICI...FREE delivery Mon, 5 OctOr fastest delivery Sun, 4 OctAdd to cart",,False,40,,,https://m.media-amazon.com/images/I/61XFCD72wpL._AC_UL320_.jpg,kitchen organizer,2026-10-01T13:19:39.795915+00:00
89,amazon,"Kundi 3 Tier Wooden Spice Rack Organizer for Kitchen Countertop | Wooden Masala Stand Shelf Riser for Spices, Jars, Bottles & Pantry Storage | Multipurpose Kitchen Organizer Rack",B0H6C58NM4,https://www.amazon.in/dp/B0H6C58NM4,294.0,1999.0,85.3,,69.0,,3.0,native_badge,high,True,"Kundi 3 Tier Wooden Spice Rack Organizer for Kitchen Countertop | Wooden Masala Stand Shelf Riser for Spices, Jars, Bottles & Pantry Storage | Multipurpose Kitchen Organizer Rack 4.04.0 out of 5 stars (69)  600+ bought in past monthPrice, product page₹294₹294 M.R.P: ₹1,999M.R.P: ₹1,999₹1,999 (85% off)Up to 5% back with Amazon Pay ICICI cardUp to 5% back with Amazon Pay ICI...FREE delivery Wed, 7 OctAdd to cart",,False,41,,,https://m.media-amazon.com/images/I/71+91KQXA9L._AC_UL320_.jpg,kitchen organizer,2026-10-01T13:19:39.796087+00:00
90,amazon,"UHUD CRAFTS Hanging Shelves - Adjustable Rope Hanging Shelf, Wall Hanging Decor, Lightweight, Premium Wooden Shelf, Hanging Plant Shelf for Bedroom and Living Room (1 Pcs)",B09MCWZBH2,https://www.amazon.in/dp/B09MCWZBH2,158.0,599.0,73.6,,2100.0,,,relative_only,none,False,"UHUD CRAFTS Hanging Shelves - Adjustable Rope Hanging Shelf, Wall Hanging Decor, Lightweight, Premium Wooden Shelf, Hanging Plant Shelf for Bedroom and Living Room (1 Pcs) 4.44.4 out of 5 stars (2.1K)  1K+ bought in past monthPrice, product page₹158₹158 M.R.P: ₹599M.R.P: ₹599₹599 (74% off)Up to 5% back with Amazon Pay ICICI cardUp to 5% back with Amazon Pay ICI...FREE delivery Sat, 3 OctOr fastest delivery Tomorrow 6 am - 10 amAdd to cart",,False,42,,,https://m.media-amazon.com/images/I/61I3xo6idhL._AC_UL320_.jpg,kitchen organizer,2026-10-01T13:19:39.796264+00:00
91,amazon,Bianco 12 Inch Multifunctional Kitchen Storage Basket Under Cabinet Storage Shelf Basket Wire Rack Organizer Versatile Durable Space Saving Convenient White Standard Pack of 1,B09GK4XBDM,https://www.amazon.in/dp/B09GK4XBDM,529.0,999.0,47.0,,1300.0,,12.0,native_badge,high,True,"Bianco 12 Inch Multifunctional Kitchen Storage Basket Under Cabinet Storage Shelf Basket Wire Rack Organizer Versatile Durable Space Saving Convenient White Standard Pack of 1 4.14.1 out of 5 stars (1.3K)  500+ bought in past monthPrice, product page₹529₹529 M.R.P: ₹999M.R.P: ₹999₹999 (47% off)Up to 5% back with Amazon Pay ICICI cardUp to 5% back with Amazon Pay ICI...FREE delivery Mon, 5 OctOr fastest delivery Tomorrow, 2 OctAdd to cart",3885.0,False,43,,,https://m.media-amazon.com/images/I/61fNmHMWj3L._AC_UL320_.jpg,kitchen organizer,2026-10-01T13:19:39.796436+00:00
92,amazon,Kundi Versatile Wooden Triangular Spice Rack - 2-Tier Kitchen Countertop Organizer with Jars & Bottles Holder | Stylish Kitchen Storage & Décor (2 Tier),B0DG24S2WB,https://www.amazon.in/dp/B0DG24S2WB,455.0,1499.0,69.6,,385.0,,,relative_only,none,False,,,False,44,,,https://m.media-amazon.com/images/I/81SYsF0ceGL._AC_UL320_.jpg,kitchen organizer,2026-10-01T13:19:39.796648+00:00
93,amazon,"Deejay Kitchen Shelf Wall Mount Knife Holder,Towel Hanger, Spatula Ladle Hanging Hooks, Cutlery Holder Storage Rack High Grade Metal Multi-Purpose (44 x 4.5 x 8cm)",B0B8VVQ3H6,https://www.amazon.in/dp/B0B8VVQ3H6,319.0,1099.0,71.0,,1700.0,,,relative_only,none,False,"Deejay Kitchen Shelf Wall Mount Knife Holder,Towel Hanger, Spatula Ladle Hanging Hooks, Cutlery Holder Storage Rack High Grade Metal Multi-Purpose (44 x 4.5 x 8cm) 3.93.9 out of 5 stars (1.7K)  1K+ bought in past monthPrice, product page₹319₹319 M.R.P: ₹1,099M.R.P: ₹1,099₹1,099 (71% off)Up to 5% back with Amazon Pay ICICI cardUp to 5% back with Amazon Pay ICI...FREE delivery Sat, 3 OctOr fastest delivery Tomorrow, 2 OctService: InstallationAdd to cart",,False,45,,,https://m.media-amazon.com/images/I/71CnHSNe83L._AC_UL320_.jpg,kitchen organizer,2026-10-01T13:19:39.796829+00:00
94,amazon,"Oslen Pack of 2 No Drill Self Adhesive Bathroom Corner Shelf, Metal Wall Mounted Shower Storage Rack, Bathroom organiser without drill, Rust Proof Corner Rack for Bathroom & Kitchen, Black, 8 & 9 Inch",B0DY1XYMYW,https://www.amazon.in/dp/B0DY1XYMYW,299.0,755.0,60.4,,4400.0,,2.0,native_badge,high,True,"+2 other colors/patternsOslen Pack of 2 No Drill Self Adhesive Bathroom Corner Shelf, Metal Wall Mounted Shower Storage Rack, Bathroom organiser without drill, Rust Proof Corner Rack for Bathroom & Kitchen, Black, 8 & 9 Inch 3.93.9 out of 5 stars (4.4K)  3K+ bought in past monthPrice, product page₹299₹299 M.R.P: ₹755M.R.P: ₹755₹755 (60% off)Up to 5% back with Amazon Pay ICICI cardUp to 5% back with Amazon Pay ICI...FREE delivery Sat, 3 OctOr fastest delivery Tomorrow 6 am - 10 amService: InstallationAdd to cart",,False,46,,,https://m.media-amazon.com/images/I/71qUoVrHeBL._AC_UL320_.jpg,kitchen organizer,2026-10-01T13:19:39.797013+00:00
95,amazon,"DECOWORLD || 2 Tier Multipurpose Countertop Organizer Rack || Multishelf Storage Stand for Kitchen, Bathroom or Dressing Table|| Spice Rack,Cosmetics Organizer or Bathroom Organizer",B0BTXMCZ5W,https://www.amazon.in/dp/B0BTXMCZ5W,999.0,3499.0,71.4,,1200.0,,2.0,native_badge,high,True,"DECOWORLD || 2 Tier Multipurpose Countertop Organizer Rack || Multishelf Storage Stand for Kitchen, Bathroom or Dressing Table|| Spice Rack,Cosmetics Organizer or Bathroom Organizer 4.34.3 out of 5 stars (1.2K)  400+ bought in past monthPrice, product page₹999₹999 M.R.P: ₹3,499M.R.P: ₹3,499₹3,499 (71% off)Up to 5% back with Amazon Pay ICICI cardUp to 5% back with Amazon Pay ICI...FREE delivery Mon, 5 OctOr fastest delivery Tomorrow, 2 OctService: InstallationAdd to cart",,False,47,,,https://m.media-amazon.com/images/I/51JlgJgu0gL._AC_UL320_.jpg,kitchen organizer,2026-10-01T13:19:39.797193+00:00
96,amazon,"Yookeer Rustic Wood Spice Rack Shelf, kitchen organizer rack, kitchen rack stand, Kitchen Counter Organiser, 30 x 15 x 15 cm, TEEK",B0DTQBSTR1,https://www.amazon.in/dp/B0DTQBSTR1,285.0,999.0,71.5,,780.0,,,relative_only,none,False,"Yookeer Rustic Wood Spice Rack Shelf, kitchen organizer rack, kitchen rack stand, Kitchen Counter Organiser, 30 x 15 x 15 cm, TEEK 4.04.0 out of 5 stars (780)  200+ bought in past monthPrice, product page₹285₹285 M.R.P: ₹999M.R.P: ₹999₹999 (71% off)Up to 5% back with Amazon Pay ICICI cardUp to 5% back with Amazon Pay ICI...FREE delivery Thu, 8 OctAdd to cart",,False,48,,,https://m.media-amazon.com/images/I/71b-BmheCkL._AC_UL320_.jpg,kitchen organizer,2026-10-01T13:19:39.797368+00:00
97,amazon,"Plantex Bathroom Organiser Without Drill/GI Steel Self Adhesive Bathroom Shelf/Bathroom Stand for Wall/Bathroom Accessories Set Pack of 1 (Black, CED Powder Coated)",B0B3J7Q14R,https://www.amazon.in/dp/B0B3J7Q14R,275.0,880.0,68.8,,14400.0,,1.0,native_badge,high,True,"Plantex Bathroom Organiser Without Drill/GI Steel Self Adhesive Bathroom Shelf/Bathroom Stand for Wall/Bathroom Accessories Set Pack of 1 (Black, CED Powder Coated) 4.24.2 out of 5 stars (14.4K)  2K+ bought in past monthLimited time dealPrice, product page₹275₹275 M.R.P: ₹880M.R.P: ₹880₹880 (69% off)Up to 5% back with Amazon Pay ICICI cardUp to 5% back with Amazon Pay ICI...FREE delivery Sat, 3 OctOr fastest delivery Tomorrow, 2 OctService: InstallationSee options",,False,1,,,https://m.media-amazon.com/images/I/81NSao1tsWL._AC_UL320_.jpg,kitchen organizer,2026-10-01T13:19:51.787151+00:00
98,amazon,OVIOL Stainless Steel Spoon Stand for Kitchen Steel Cutlery Stand Spoon Organizer for Kitchen Cutlery Holder for KitchenCountertop Forks Spatula Knives Spoon Holder Rustproof Durable.,B0FDR6KFSN,https://www.amazon.in/dp/B0FDR6KFSN,449.0,44900.0,99.0,,529.0,,2.0,native_badge,high,True,"+2 other colors/patternsOVIOL Stainless Steel Spoon Stand for Kitchen Steel Cutlery Stand Spoon Organizer for Kitchen Cutlery Holder for KitchenCountertop Forks Spatula Knives Spoon Holder Rustproof Durable. 4.04.0 out of 5 stars (529)  1K+ bought in past monthPrice, product page₹449₹449 (₹44,900₹44,900/100 g) M.R.P: ₹1,999M.R.P: ₹1,999₹1,999 (78% off)Up to 5% back with Amazon Pay ICICI cardUp to 5% back with Amazon Pay ICI...FREE delivery Mon, 5 OctOr fastest delivery Tomorrow, 2 OctAdd to cart",,False,2,,,https://m.media-amazon.com/images/I/71LCQ0bqc0L._AC_UL320_.jpg,kitchen organizer,2026-10-01T13:19:51.787357+00:00
99,amazon,"Kitchenwell Metal Multi-Purpose Trolley Storage Organizer and Kitchen Accessories Items for Kitchen Storage Rack Square Design Fruits & Vegetable Onion Cutlery (Matt Black, 3 Layer Drawer)",B0BVBTXP94,https://www.amazon.in/dp/B0BVBTXP94,1799.0,2499.0,28.0,,3200.0,,,relative_only,none,False,"Kitchenwell Metal Multi-Purpose Trolley Storage Organizer and Kitchen Accessories Items for Kitchen Storage Rack Square Design Fruits & Vegetable Onion Cutlery (Matt Black, 3 Layer Drawer) 4.14.1 out of 5 stars (3.2K)  100+ bought in past monthPrice, product page₹1,799₹1,799 M.R.P: ₹2,499M.R.P: ₹2,499₹2,499 (28% off)Up to 5% back with Amazon Pay ICICI cardUp to 5% back with Amazon Pay ICI...FREE delivery Mon, 5 OctOr fastest delivery Sun, 4 OctAdd to cart",,False,3,,,https://m.media-amazon.com/images/I/81TwxR3pN7L._AC_UL320_.jpg,kitchen organizer,2026-10-01T13:19:51.787552+00:00
100,amazon,"2-Tier Kitchen Organizer Rack Spice Jar Rack– Rustic Brown & Black Spice Rack Organizer for Countertop | Metal Frame Storage Shelf for Kitchen, Coffee Bar| 30 x 15.7 x 26.4 cm",B0H14CFB5X,https://www.amazon.in/dp/B0H14CFB5X,799.0,1799.0,55.6,,33.0,,2.0,native_badge,high,True,"2-Tier Kitchen Organizer Rack Spice Jar Rack– Rustic Brown & Black Spice Rack Organizer for Countertop | Metal Frame Storage Shelf for Kitchen, Coffee Bar| 30 x 15.7 x 26.4 cm 3.73.7 out of 5 stars (33)  300+ bought in past monthPrice, product page₹799₹799 M.R.P: ₹1,799M.R.P: ₹1,799₹1,799 (56% off)Up to 5% back with Amazon Pay ICICI cardUp to 5% back with Amazon Pay ICI...FREE delivery Thu, 8 OctAdd to cart",,False,4,,,https://m.media-amazon.com/images/I/610Ke0bGsYL._AC_UL320_.jpg,kitchen organizer,2026-10-01T13:19:51.787732+00:00
101,amazon,Zollyss Under Sink Storage Organizer | 2-Tier Pull-Out Storage Rack | 35.5cm x 21cm | Bathroom Organizer | Expandable Rack with Hook | Keeps Utilities Easy to Access | Black,B0G9R4NM7H,https://www.amazon.in/dp/B0G9R4NM7H,697.0,1599.0,56.4,,23.0,,2.0,native_badge,high,True,"Zollyss Under Sink Storage Organizer | 2-Tier Pull-Out Storage Rack | 35.5cm x 21cm | Bathroom Organizer | Expandable Rack with Hook | Keeps Utilities Easy to Access | Black 3.53.5 out of 5 stars (23)  50+ bought in past monthLimited time dealPrice, product page₹697₹697 M.R.P: ₹1,599M.R.P: ₹1,599₹1,599 (56% off)Up to 5% back with Amazon Pay ICICI cardUp to 5% back with Amazon Pay ICI...FREE delivery Sat, 3 OctOr fastest delivery Tomorrow 6 am - 10 amAdd to cart",,False,5,,,https://m.media-amazon.com/images/I/61PpMZOReJL._AC_UL320_.jpg,kitchen organizer,2026-10-01T13:19:51.787907+00:00
102,amazon,"House of Quirk Foldable Triangular Storage Cabinet with Wheels | Space Saving Corner Organizer | Portable Large Capacity Plastic Storage Box for Kitchen, Bathroom, Bedroom (5 Layer, Cream)",B0GT9SCW67,https://www.amazon.in/dp/B0GT9SCW67,3399.0,4499.0,24.4,,24.0,,,relative_only,none,False,"House of Quirk Foldable Triangular Storage Cabinet with Wheels | Space Saving Corner Organizer | Portable Large Capacity Plastic Storage Box for Kitchen, Bathroom, Bedroom (5 Layer, Cream) 3.53.5 out of 5 stars (24)  50+ bought in past monthPrice, product page₹3,399₹3,399 M.R.P: ₹4,499M.R.P: ₹4,499₹4,499 (24% off)Up to 5% back with Amazon Pay ICICI cardUp to 5% back with Amazon Pay ICI...FREE delivery Mon, 5 OctAdd to cart",,False,6,,,https://m.media-amazon.com/images/I/716TiqeTrzL._AC_UL320_.jpg,kitchen organizer,2026-10-01T13:19:51.788075+00:00
103,amazon,"WonderStand Iron Heavy Duty Pot Pan Tabletop Tiered Shelf Rack Organizer (5-Tier), Pan Rack Holder and Organizer Rack for Home/Kitchen",B0CYLX6CXM,https://www.amazon.in/dp/B0CYLX6CXM,476.0,749.0,36.4,,646.0,,5.0,native_badge,high,True,"WonderStand Iron Heavy Duty Pot Pan Tabletop Tiered Shelf Rack Organizer (5-Tier), Pan Rack Holder and Organizer Rack for Home/Kitchen 4.14.1 out of 5 stars (646)  200+ bought in past monthLimited time dealPrice, product page₹476₹476 M.R.P: ₹749M.R.P: ₹749₹749 (36% off)Up to 5% back with Amazon Pay ICICI cardUp to 5% back with Amazon Pay ICI...FREE delivery Sat, 3 OctOr fastest delivery Tomorrow, 2 OctAdd to cart",,False,7,,,https://m.media-amazon.com/images/I/71gWxnI9htL._AC_UL320_.jpg,kitchen organizer,2026-10-01T13:19:51.788247+00:00
104,amazon,"Kitchen Organizer Rack – Multi-Purpose Kitchen Stand for Countertop & Cabinet Storage | Heavy-Duty Kitchen Rack Organizer for Spices, Utensils, Dishes & Pantry Items (2 Tier Z shape Rack)",B0GHZN7B1R,https://www.amazon.in/dp/B0GHZN7B1R,299.0,1499.0,80.1,,115.0,,,relative_only,none,False,"Kitchen Organizer Rack – Multi-Purpose Kitchen Stand for Countertop & Cabinet Storage | Heavy-Duty Kitchen Rack Organizer for Spices, Utensils, Dishes & Pantry Items (2 Tier Z shape Rack) 4.14.1 out of 5 stars (115)  500+ bought in past monthPrice, product page₹299₹299 M.R.P: ₹1,499M.R.P: ₹1,499₹1,499 (80% off)Up to 5% back with Amazon Pay ICICI cardUp to 5% back with Amazon Pay ICI...FREE delivery Thu, 8 OctAdd to cart",,False,8,,,https://m.media-amazon.com/images/I/61X2seYu4zL._AC_UL320_.jpg,kitchen organizer,2026-10-01T13:19:51.788428+00:00
105,amazon,LEVON Expandable Kitchen Cabinet Shelf Organizer Adjustable Storage Rack,B07G1CN5PL,https://www.amazon.in/dp/B07G1CN5PL,469.0,799.0,41.3,,4400.0,,,relative_only,none,False,"LEVON Expandable Kitchen Cabinet Shelf Organizer Adjustable Storage Rack Expandable cabinet shelf with anti-rust steel design for plates, bowls, spice jars & space-saving kitchen storage4.24.2 out of 5 stars (4.4K)  100+ bought in past monthPrice, product page₹469₹469 M.R.P: ₹799M.R.P: ₹799₹799 (41% off)Up to 5% back with Amazon Pay ICICI cardUp to 5% back with Amazon Pay ICI...FREE delivery Tue, 6 OctAdd to cart",,False,9,,,https://m.media-amazon.com/images/I/617TDXfBWtL._AC_UL320_.jpg,kitchen organizer,2026-10-01T13:19:51.788597+00:00
106,amazon,"WonderStand NOVA (Black) 2-Tier Countertop Multipurpose Organizer|Tiered Shelf Storage Rack, Counter Top Organiser Storage Shelf for Home Kitchen and Bathroom",B0DTJ3339T,https://www.amazon.in/dp/B0DTJ3339T,519.0,699.0,25.8,,634.0,,,relative_only,none,False,,,False,10,,,https://m.media-amazon.com/images/I/71DQZL9csdL._AC_UL320_.jpg,kitchen organizer,2026-10-01T13:19:51.788796+00:00
107,amazon,Kitchenwell Round Multi-Purpose Trolley Storage Organizer and Kitchen Accessories Items for Kitchen Storage Rack Fruits & Vegetable Onion Cutlery Matt Black 3 Layer,B0CX59L67B,https://www.amazon.in/dp/B0CX59L67B,1798.0,4799.0,62.5,,533.0,,3.0,native_badge,high,True,"Kitchenwell Round Multi-Purpose Trolley Storage Organizer and Kitchen Accessories Items for Kitchen Storage Rack Fruits & Vegetable Onion Cutlery Matt Black 3 Layer 4.34.3 out of 5 stars (533)  100+ bought in past monthPrice, product page₹1,798₹1,798 M.R.P: ₹4,799M.R.P: ₹4,799₹4,799 (63% off)Up to 5% back with Amazon Pay ICICI cardUp to 5% back with Amazon Pay ICI...FREE delivery Mon, 5 OctOr fastest delivery Sun, 4 OctAdd to cart",,False,11,,,https://m.media-amazon.com/images/I/81AxI6qSwHL._AC_UL320_.jpg,kitchen organizer,2026-10-01T13:19:51.788984+00:00
108,amazon,"Rellon Industries 3 Tier Spice Rack for Kitchen Counter Top Organizer Shelf Storage Rack,Container Rack, Space Saving,Bathroom Shelves",B0GHY187BG,https://www.amazon.in/dp/B0GHY187BG,999.0,99900.0,99.0,,332.0,,3.0,native_badge,high,True,"Rellon Industries 3 Tier Spice Rack for Kitchen Counter Top Organizer Shelf Storage Rack,Container Rack, Space Saving,Bathroom Shelves 4.14.1 out of 5 stars (332)  100+ bought in past monthPrice, product page₹999₹999 (₹99,900₹99,900/100 g)Up to 5% back with Amazon Pay ICICI cardUp to 5% back with Amazon Pay ICI...FREE delivery Tue, 6 OctOr fastest delivery Mon, 5 OctAdd to cart",,False,12,,,https://m.media-amazon.com/images/I/61j+FAf2V+L._AC_UL320_.jpg,kitchen organizer,2026-10-01T13:19:51.789152+00:00
109,amazon,"Vesta Homes Circular Home and Kitchen Organizer Rack/Storage Shelves/Spice Shelf/Wooden Organizer for Office, Bedroom | 40.5 x 16.5 x 37 cm | Mango Wood and Iron | Handcrafted in India",B0CT5W65NX,https://www.amazon.in/dp/B0CT5W65NX,1454.0,3999.0,63.6,,202.0,,,relative_only,none,False,"Vesta Homes Circular Home and Kitchen Organizer Rack/Storage Shelves/Spice Shelf/Wooden Organizer for Office, Bedroom | 40.5 x 16.5 x 37 cm | Mango Wood and Iron | Handcrafted in India 4.64.6 out of 5 stars (202)  50+ bought in past monthPrice, product page₹1,454₹1,454 M.R.P: ₹3,999M.R.P: ₹3,999₹3,999 (64% off)Up to 5% back with Amazon Pay ICICI cardUp to 5% back with Amazon Pay ICI...FREE delivery Sat, 3 OctOr fastest delivery Tomorrow, 2 OctAdd to cartMore Buying Choices₹1,449(3 new offers)",,False,13,,,https://m.media-amazon.com/images/I/61ZORv72nNL._AC_UL320_.jpg,kitchen organizer,2026-10-01T13:19:51.789334+00:00
110,amazon,"Satpurush 2 Tier Kitchen Organizer Rack for Countertop, Space Saving Multipurpose Organiser with Transparent Trays for Spice Jars, Oil Bottles & Containers, (27.5 x 28 x 19 cm, Clear)",B0HCBT9VC9,https://www.amazon.in/dp/B0HCBT9VC9,759.0,1799.0,57.8,,45.0,,2.0,native_badge,high,True,"Satpurush 2 Tier Kitchen Organizer Rack for Countertop, Space Saving Multipurpose Organiser with Transparent Trays for Spice Jars, Oil Bottles & Containers, (27.5 x 28 x 19 cm, Clear) 4.24.2 out of 5 stars (45)  600+ bought in past monthSale Price LivePrice, product page₹759₹759 M.R.P: ₹1,799M.R.P: ₹1,799₹1,799 (58% off)Up to 5% back with Amazon Pay ICICI cardUp to 5% back with Amazon Pay ICI...FREE delivery Sun, 4 OctOr fastest delivery Tomorrow, 2 OctAdd to cart",,False,14,,,https://m.media-amazon.com/images/I/811aGyT1dML._AC_UL320_.jpg,kitchen organizer,2026-10-01T13:19:51.789517+00:00
111,amazon,"iDream Medium Multi-Purpose Silicone Sink Drainer Mat – Flexible Kitchen Sink Organizer Tray for Soap, Dish Sponge, Tools Storage, and Drying, Non-Slip Silicone Holder for Countertops",B0DS9FMC5S,https://www.amazon.in/dp/B0DS9FMC5S,368.0,649.0,43.3,,388.0,,,relative_only,none,False,"iDream Medium Multi-Purpose Silicone Sink Drainer Mat – Flexible Kitchen Sink Organizer Tray for Soap, Dish Sponge, Tools Storage, and Drying, Non-Slip Silicone Holder for Countertops 4.14.1 out of 5 stars (388)  100+ bought in past monthPrice, product page₹368₹368 M.R.P: ₹649M.R.P: ₹649₹649 (43% off)Up to 5% back with Amazon Pay ICICI cardUp to 5% back with Amazon Pay ICI...FREE delivery Mon, 5 OctOr fastest delivery Tomorrow, 2 OctAdd to cart",,False,15,,,https://m.media-amazon.com/images/I/512FLHvIndL._AC_UL320_.jpg,kitchen organizer,2026-10-01T13:19:51.789684+00:00
112,amazon,"THE SR BRAND Self-Adhesive Multipurpose Wall Mounted Bathroom Shelves|Space-Saving Storage Organizer Racks for Bathroom and Kitchen Accessories|Stylish Wall Stand for Home,Office Use (Black-Pack of 1)",B0F3X2LNG9,https://www.amazon.in/dp/B0F3X2LNG9,269.0,499.0,46.1,,1200.0,,,relative_only,none,False,"THE SR BRAND Self-Adhesive Multipurpose Wall Mounted Bathroom Shelves|Space-Saving Storage Organizer Racks for Bathroom and Kitchen Accessories|Stylish Wall Stand for Home,Office Use (Black-Pack of 1) 4.14.1 out of 5 stars (1.2K)  500+ bought in past monthPrice, product page₹269₹269 M.R.P: ₹499M.R.P: ₹499₹499 (46% off)Up to 5% back with Amazon Pay ICICI cardUp to 5% back with Amazon Pay ICI...FREE delivery Sun, 4 OctOr fastest delivery Sat, 3 OctService: InstallationAdd to cart",,False,16,,,https://m.media-amazon.com/images/I/71EtSX+PakL._AC_UL320_.jpg,kitchen organizer,2026-10-01T13:19:51.789855+00:00
113,amazon,"OXMIC 2-Tier Spice Rack, Countertop Kitchen Organiser, Kitchen organizer rack, Kitchen storage Rustic Wood and Metal, 40x20.2x41.5 cm",B0GXRKZ18K,https://www.amazon.in/dp/B0GXRKZ18K,899.0,2999.0,70.0,,35.0,,2.0,native_badge,high,True,"OXMIC 2-Tier Spice Rack, Countertop Kitchen Organiser, Kitchen organizer rack, Kitchen storage Rustic Wood and Metal, 40x20.2x41.5 cm 4.24.2 out of 5 stars (35)  100+ bought in past monthPrice, product page₹899₹899 M.R.P: ₹2,999M.R.P: ₹2,999₹2,999 (70% off)Up to 5% back with Amazon Pay ICICI cardUp to 5% back with Amazon Pay ICI...FREE delivery Thu, 8 OctAdd to cart",,False,17,,,https://m.media-amazon.com/images/I/81NT0Meaz9L._AC_UL320_.jpg,kitchen organizer,2026-10-01T13:19:51.790015+00:00
114,amazon,"Satpurush 3-Tier Kitchen Organizer Rack – Space-Saving Metal Countertop Shelf for Spice Jars, Oil Bottles & Containers, Modern Storage Solution (3 Layer)",B0GVN4D1HH,https://www.amazon.in/dp/B0GVN4D1HH,449.0,699.0,35.8,,131.0,,,relative_only,none,False,,,False,18,,,https://m.media-amazon.com/images/I/81eHz1UJO-L._AC_UL320_.jpg,kitchen organizer,2026-10-01T13:19:51.790199+00:00
115,amazon,wow craft 4-Layer Kitchen Organizer Rack | Multipurpose Microwave Stand for Kitchen Platform & OTG Oven | Steel Utensils Storage Shelf with Hooks | Engineered Wood & Metal Rack for Home (130x60x40 cm),B0DNQR931Z,https://www.amazon.in/dp/B0DNQR931Z,4348.0,6999.0,37.9,,660.0,,4.0,native_badge,high,True,"wow craft 4-Layer Kitchen Organizer Rack | Multipurpose Microwave Stand for Kitchen Platform & OTG Oven | Steel Utensils Storage Shelf with Hooks | Engineered Wood & Metal Rack for Home (130x60x40 cm) 4.44.4 out of 5 stars (660)  100+ bought in past monthLimited time dealPrice, product page₹4,348₹4,348 M.R.P: ₹6,999M.R.P: ₹6,999₹6,999 (38% off)Up to 5% back with Amazon Pay ICICI cardUp to 5% back with Amazon Pay ICI...FREE delivery Tue, 6 OctService: InstallationAdd to cart",,False,19,,,https://m.media-amazon.com/images/I/61XFqTKiaiL._AC_UL320_.jpg,kitchen organizer,2026-10-01T13:19:51.790376+00:00
116,amazon,"TEX-RO Kitchen Shelf Organizer | Cabinet Shelf Riser for Storage | Cupboard Organizer Rack for Kitchen | Under Cabinet Storage for Plates, Bowls, Spices - Metal Wire Rack, Pack of 2",B0GJTBHCQW,https://www.amazon.in/dp/B0GJTBHCQW,249.0,999.0,75.1,,53.0,,,relative_only,none,False,"TEX-RO Kitchen Shelf Organizer | Cabinet Shelf Riser for Storage | Cupboard Organizer Rack for Kitchen | Under Cabinet Storage for Plates, Bowls, Spices - Metal Wire Rack, Pack of 2 4.24.2 out of 5 stars (53)  200+ bought in past monthPrice, product page₹249₹249 M.R.P: ₹999M.R.P: ₹999₹999 (75% off)Up to 5% back with Amazon Pay ICICI cardUp to 5% back with Amazon Pay ICI...FREE delivery Sat, 3 OctOr fastest delivery Tomorrow 6 am - 10 amAdd to cart",,False,20,,,https://m.media-amazon.com/images/I/71vgEYGnQKL._AC_UL320_.jpg,kitchen organizer,2026-10-01T13:19:51.790543+00:00
117,amazon,"CoolLeaf Kitchen Organizer Rack Steel, 𝟐-𝐓𝐢𝐞𝐫 Spice Rack Organizer With Cutting Board Stand, Cutlery Holder & Hooks, Multipurpose Kitchen Rack Stand for Counter Top Organizer,𝟐𝟎 𝐊𝐆 Load-Black",B0FZT81DZQ,https://www.amazon.in/dp/B0FZT81DZQ,1499.0,2999.0,50.0,,50.0,,,relative_only,none,False,"CoolLeaf Kitchen Organizer Rack Steel, 𝟐-𝐓𝐢𝐞𝐫 Spice Rack Organizer With Cutting Board Stand, Cutlery Holder & Hooks, Multipurpose Kitchen Rack Stand for Counter Top Organizer,𝟐𝟎 𝐊𝐆 Load-Black 4.04.0 out of 5 stars (50)  50+ bought in past monthPrice, product page₹1,499₹1,499 M.R.P: ₹2,999M.R.P: ₹2,999₹2,999 (50% off)Up to 5% back with Amazon Pay ICICI cardUp to 5% back with Amazon Pay ICI...FREE delivery Thu, 8 OctAdd to cart",,False,21,,,https://m.media-amazon.com/images/I/71hrWX-dT-L._AC_UL320_.jpg,kitchen organizer,2026-10-01T13:19:51.790719+00:00
118,amazon,"Privesh® Metal 4 Layer Kitchen Rotating Trolley Portable Storage Rack Square Design Fruits & Vegetable Onion Cutlery, Spice, Jars Container Basket Organizer Holder Stand for Kitchen - Black (4 Layer)",B0B39GDDC2,https://www.amazon.in/dp/B0B39GDDC2,2141.0,9899.0,78.4,,604.0,,,relative_only,none,False,,,False,22,,,https://m.media-amazon.com/images/I/717ojh-peoL._AC_UL320_.jpg,kitchen organizer,2026-10-01T13:19:51.790902+00:00
119,amazon,"SaleOn Stainless Steel Adhesive Rack for Bathroom & Kitchen Rust-Free Wall Mounted Shelf with Hooks | Strong Grip, Drainage Design, No Drill Multipurpose Organizer 1 Year Warranty (Set of 1)",B0B2KL9Q7J,https://www.amazon.in/dp/B0B2KL9Q7J,391.0,999.0,60.9,,633.0,,,relative_only,none,False,"SaleOn Stainless Steel Adhesive Rack for Bathroom & Kitchen Rust-Free Wall Mounted Shelf with Hooks | Strong Grip, Drainage Design, No Drill Multipurpose Organizer 1 Year Warranty (Set of 1) 4.24.2 out of 5 stars (633)  200+ bought in past monthLimited time dealPrice, product page₹391₹391 M.R.P: ₹999M.R.P: ₹999₹999 (61% off)Up to 5% back with Amazon Pay ICICI cardUp to 5% back with Amazon Pay ICI...FREE delivery Sat, 3 OctOr fastest delivery Tomorrow, 2 OctService: InstallationAdd to cart",,False,23,,,https://m.media-amazon.com/images/I/81sPrJaE76L._AC_UL320_.jpg,kitchen organizer,2026-10-01T13:19:51.791070+00:00
120,amazon,"Milton Cryo Fridge Storage Boxes Set of 6 Fridge Organizer Container with Waterproof Vinyl Stickers & Removable Drain Plate, Lid, Stackable Box, Plastic Containers 1500 ml for Fish, Vegetables, Fruits",B0DK527F5V,https://www.amazon.in/dp/B0DK527F5V,499.0,8316.67,94.0,,,,6.0,native_badge,high,True,"Milton Cryo Fridge Storage Boxes Set of 6 Fridge Organizer Container with Waterproof Vinyl Stickers & Removable Drain Plate, Lid, Stackable Box, Plastic Containers 1500 ml for Fish, Vegetables, Fruits 5K+ bought in past monthPrice, product page₹499₹499 (₹8,316.67₹8,316.67/100 g) M.R.P: ₹999M.R.P: ₹999₹999 (50% off)Up to 5% back with Amazon Pay ICICI cardUp to 5% back with Amazon Pay ICI...FREE delivery Sat, 3 OctOr fastest delivery Tomorrow 6 am - 10 amAdd to cart",,False,24,,,https://m.media-amazon.com/images/I/71UFHeyVMaL._AC_UL320_.jpg,kitchen organizer,2026-10-01T13:19:51.791231+00:00
121,amazon,"HomeWiz Airtight Kitchen Storage Box 1100ml x8 | Containers For Kitchen Storage Set | Food Grade BPA-Free Kitchen Containers Set With 2 Side Clip-Lock | Stackable, For Pantry and Fridge Storage",B0FVFZ2GLC,https://www.amazon.in/dp/B0FVFZ2GLC,899.0,,,,416.0,,1100000000.0,native_badge,high,True,"HomeWiz Airtight Kitchen Storage Box 1100ml x8 | Containers For Kitchen Storage Set | Food Grade BPA-Free Kitchen Containers Set With 2 Side Clip-Lock | Stackable, For Pantry and Fridge Storage 4.34.3 out of 5 stars (416)  600+ bought in past monthPrice, product page₹899₹899 (₹112.38₹112.38/count) M.R.P: ₹1,199M.R.P: ₹1,199₹1,199 (25% off)Up to 5% back with Amazon Pay ICICI cardUp to 5% back with Amazon Pay ICI...FREE delivery Sat, 3 OctOr fastest delivery Tomorrow 6 am - 10 amAdd to cart",458.0,False,25,,,https://m.media-amazon.com/images/I/71uZ6LufnxL._AC_UL320_.jpg,kitchen organizer,2026-10-01T13:19:51.791402+00:00
122,amazon,JD FRESH Polypropylene Set of 20 Drawer Organiser/Unbreakable Drawer Organizers/Dressing Table Organizer/Multi-Purpose Storage Boxes/Drawer Divider Tray for Kitchen/Bedroom/Office - (Black),B0DSKQH7F9,https://www.amazon.in/dp/B0DSKQH7F9,999.0,3398.0,70.6,,336.0,,20.0,native_badge,high,True,"JD FRESH Polypropylene Set of 20 Drawer Organiser/Unbreakable Drawer Organizers/Dressing Table Organizer/Multi-Purpose Storage Boxes/Drawer Divider Tray for Kitchen/Bedroom/Office - (Black) 4.34.3 out of 5 stars (336)  200+ bought in past monthPrice, product page₹999₹999 M.R.P: ₹3,398M.R.P: ₹3,398₹3,398 (71% off)Up to 5% back with Amazon Pay ICICI cardUp to 5% back with Amazon Pay ICI...FREE delivery Sat, 3 OctSee options",15517.0,False,26,,,https://m.media-amazon.com/images/I/81H+7XTueRL._AC_UL320_.jpg,kitchen organizer,2026-10-01T13:19:51.791565+00:00
123,amazon,Kundi Dual-Tier Standing Rack | Countertop Storage Organizer | Vanity Tray for Cosmetics | Kitchen & Bathroom Corner Shelf | Spice Holder (2-Tier Black),B0FLVFX48B,https://www.amazon.in/dp/B0FLVFX48B,598.0,1199.0,50.1,,53.0,,2.0,native_badge,high,True,"Kundi Dual-Tier Standing Rack | Countertop Storage Organizer | Vanity Tray for Cosmetics | Kitchen & Bathroom Corner Shelf | Spice Holder (2-Tier Black) 4.14.1 out of 5 stars (53)  100+ bought in past monthPrice, product page₹598₹598 M.R.P: ₹1,199M.R.P: ₹1,199₹1,199 (50% off)Up to 5% back with Amazon Pay ICICI cardUp to 5% back with Amazon Pay ICI...FREE delivery Sat, 3 OctOr fastest delivery Tomorrow, 2 OctAdd to cart",,False,27,,,https://m.media-amazon.com/images/I/81UFxZB087L._AC_UL320_.jpg,kitchen organizer,2026-10-01T13:19:51.791728+00:00
124,amazon,"Zollyss 1 Pc Adhesive Toilet Paper Holder with Shelf Tissue Paper Roll Towel Holder Storage Rack - (Standard Size, Black)",B08L3CVPSH,https://www.amazon.in/dp/B08L3CVPSH,299.0,899.0,66.7,,2300.0,,1.0,native_badge,high,True,"Zollyss 1 Pc Adhesive Toilet Paper Holder with Shelf Tissue Paper Roll Towel Holder Storage Rack - (Standard Size, Black) 4.24.2 out of 5 stars (2.3K)  1K+ bought in past monthLimited time dealPrice, product page₹299₹299 M.R.P: ₹899M.R.P: ₹899₹899 (67% off)Up to 5% back with Amazon Pay ICICI cardUp to 5% back with Amazon Pay ICI...FREE delivery Sat, 3 OctOr fastest delivery Tomorrow 6 am - 10 amService: InstallationAdd to cart",,False,28,,,https://m.media-amazon.com/images/I/613XuzjbZeL._AC_UL320_.jpg,kitchen organizer,2026-10-01T13:19:51.791970+00:00
125,amazon,"Decorlay 2-Tier Metal & Laminated Board Stairs Spice Rack Cosmetic Organizer Stand, Kitchen Countertop for Pantry Cupboard, Countertop (30x18x12) CM (Beech+White)",B0DTK5YPWQ,https://www.amazon.in/dp/B0DTK5YPWQ,388.0,699.0,44.5,,233.0,,2.0,native_badge,high,True,"Decorlay 2-Tier Metal & Laminated Board Stairs Spice Rack Cosmetic Organizer Stand, Kitchen Countertop for Pantry Cupboard, Countertop (30x18x12) CM (Beech+White) 4.44.4 out of 5 stars (233)  500+ bought in past monthPrice, product page₹388₹388 M.R.P: ₹699M.R.P: ₹699₹699 (44% off)Up to 5% back with Amazon Pay ICICI cardUp to 5% back with Amazon Pay ICI...FREE delivery Mon, 5 OctOr fastest delivery Tomorrow, 2 OctAdd to cart",,False,29,,,https://m.media-amazon.com/images/I/51xoYqeR4EL._AC_UL320_.jpg,kitchen organizer,2026-10-01T13:19:51.792134+00:00
126,amazon,"Zollyss 2-Piece Stackable Kitchen Rack Stand, Clear Plastic Cabinet Organizer Shelf for Kitchen Counter & Cupboard, Multipurpose Spice Rack for Jars, Cups & Pantry Storage (30 x 21.3 x 16 cm)",B0GCMX8VYC,https://www.amazon.in/dp/B0GCMX8VYC,627.0,,,,16.0,,2.0,native_badge,high,True,"Zollyss 2-Piece Stackable Kitchen Rack Stand, Clear Plastic Cabinet Organizer Shelf for Kitchen Counter & Cupboard, Multipurpose Spice Rack for Jars, Cups & Pantry Storage (30 x 21.3 x 16 cm) 4.24.2 out of 5 stars (16)  50+ bought in past monthLimited time dealPrice, product page₹627₹627 (₹313.50₹313.50/count) M.R.P: ₹1,599M.R.P: ₹1,599₹1,599 (61% off)Up to 5% back with Amazon Pay ICICI cardUp to 5% back with Amazon Pay ICI...FREE delivery Sat, 3 OctOr fastest delivery Tomorrow, 2 OctAdd to cart",,False,30,,,https://m.media-amazon.com/images/I/71T-CU2XoOL._AC_UL320_.jpg,kitchen organizer,2026-10-01T13:19:51.792310+00:00
127,amazon,"GOLWYN Air Tight Containers For Kitchen Storage Set, Plastic Boxes For Storage, Kitchen Organizer & Kitchen Accessories Items (700Ml And 1100 Ml, 8 Pcs)(Plastic), Transparent",B0B4G4PLYW,https://www.amazon.in/dp/B0B4G4PLYW,610.0,,,,2500.0,,,relative_only,none,False,"GOLWYN Air Tight Containers For Kitchen Storage Set, Plastic Boxes For Storage, Kitchen Organizer & Kitchen Accessories Items (700Ml And 1100 Ml, 8 Pcs)(Plastic), Transparent 4.14.1 out of 5 stars (2.5K)  600+ bought in past monthSale Price LivePrice, product page₹610₹610 (₹76.25₹76.25/piece) M.R.P: ₹1,279M.R.P: ₹1,279₹1,279 (52% off)You pay ₹591.70 3% off coupon appliedYou pay ₹591.70  with coupon FREE delivery Sat, 3 OctOr fastest delivery Tomorrow 6 am - 10 amAdd to cart",,False,31,,,https://m.media-amazon.com/images/I/71rZ59YnvxL._AC_UL320_.jpg,kitchen organizer,2026-10-01T13:19:51.792497+00:00
128,amazon,"INKULTURE Stackable Acrylic Fridge Organizer Sturdy Pantry And Refrigerator Storage Containers Bins With Handles | Large | Pack of 02 | For Bathroom, Kitchen Cabinet, Pantry, Home Organization",B0B5PRTBC1,https://www.amazon.in/dp/B0B5PRTBC1,799.0,,,,344.0,,2.0,native_badge,high,True,"INKULTURE Stackable Acrylic Fridge Organizer Sturdy Pantry And Refrigerator Storage Containers Bins With Handles | Large | Pack of 02 | For Bathroom, Kitchen Cabinet, Pantry, Home Organization 4.44.4 out of 5 stars (344)  200+ bought in past monthPrice, product page₹799₹799 (₹399.50₹399.50/count) M.R.P: ₹1,499M.R.P: ₹1,499₹1,499 (47% off)Up to 5% back with Amazon Pay ICICI cardUp to 5% back with Amazon Pay ICI...FREE delivery Sat, 3 OctOr fastest delivery Tomorrow, 2 OctAdd to cart",,False,32,,,https://m.media-amazon.com/images/I/61k534mRKZL._AC_UL320_.jpg,kitchen organizer,2026-10-01T13:19:51.792667+00:00
129,amazon,"TASMAX 8 Pcs Sets Airtight Masala Box For Kitchen Masala Container For Kitchen Spice Jars Multi Storage Container For Kitchens Easy Flow Spice Storage Container With Tray Spice Jars - Plastic, Black",B0CP5H9DDQ,https://www.amazon.in/dp/B0CP5H9DDQ,349.0,34900.0,99.0,,1000.0,,8.0,native_badge,high,True,"TASMAX 8 Pcs Sets Airtight Masala Box For Kitchen Masala Container For Kitchen Spice Jars Multi Storage Container For Kitchens Easy Flow Spice Storage Container With Tray Spice Jars - Plastic, Black 3.73.7 out of 5 stars (1K)  600+ bought in past monthPrice, product page₹349₹349 (₹34,900₹34,900/100 g) M.R.P: ₹999M.R.P: ₹999₹999 (65% off)Up to 5% back with Amazon Pay ICICI cardUp to 5% back with Amazon Pay ICI...FREE delivery Sat, 3 OctOr fastest delivery Tomorrow 6 am - 10 amAdd to cart",3737.0,False,33,,,https://m.media-amazon.com/images/I/71AH3oAFh5L._AC_UL320_.jpg,kitchen organizer,2026-10-01T13:19:51.792835+00:00
130,amazon,"Solid Wood Kitchen Organizer Rack, Sheesham, 2-Tier Stackable Spice and Jar Shelf, Countertop Storage for Pantry and Office, 21x45x40 CM",B0H2S83LQR,https://www.amazon.in/dp/B0H2S83LQR,1709.05,3999.0,57.3,,15.0,,,relative_only,none,False,,,False,34,,,https://m.media-amazon.com/images/I/71TbUUBlgJL._AC_UL320_.jpg,kitchen organizer,2026-10-01T13:19:51.793021+00:00
131,amazon,"Kuber Industries Plastic 3-Layer Kitchen Rack for Storage|Multifunctional Bathroom Rack|Corner Rack for Fruits, Vegetable, Assesories|Easy Assemble (Grey)",B0C6SXNDXP,https://www.amazon.in/dp/B0C6SXNDXP,297.0,345.0,13.9,,1900.0,,3.0,native_badge,high,True,"Kuber Industries Plastic 3-Layer Kitchen Rack for Storage|Multifunctional Bathroom Rack|Corner Rack for Fruits, Vegetable, Assesories|Easy Assemble (Grey) 3.93.9 out of 5 stars (1.9K)  400+ bought in past monthPrice, product page₹297₹297 M.R.P: ₹345M.R.P: ₹345₹345 (14% off)Up to 5% back with Amazon Pay ICICI cardUp to 5% back with Amazon Pay ICI...FREE delivery Sat, 3 OctOr fastest delivery Tomorrow, 2 OctAdd to cart",,False,35,,,https://m.media-amazon.com/images/I/61sRGWhUjfL._AC_UL320_.jpg,kitchen organizer,2026-10-01T13:19:51.793193+00:00
132,amazon,"KOLORR Jolly Plastic Baskets with Handles for Storage (Small)| Multipurpose Lightweight Plastic Organiser for Make-up, Stationery, Cosmetics, Kitchen, Living Room & Bathroom | Pack of 2 – Nir White",B0C8V84NMF,https://www.amazon.in/dp/B0C8V84NMF,149.0,,,,1500.0,,3.0,native_badge,high,True,"+3 other colors/patternsKOLORR Jolly Plastic Baskets with Handles for Storage (Small)| Multipurpose Lightweight Plastic Organiser for Make-up, Stationery, Cosmetics, Kitchen, Living Room & Bathroom | Pack of 2 – Nir White 4.44.4 out of 5 stars (1.5K)  500+ bought in past monthLimited time dealPrice, product page₹149₹149 (₹74.50₹74.50/count) M.R.P: ₹299M.R.P: ₹299₹299 (50% off)Up to 5% back with Amazon Pay ICICI cardUp to 5% back with Amazon Pay ICI...FREE delivery Sat, 3 OctOr fastest delivery Tomorrow 6 am - 10 amAdd to cart",,False,36,,,https://m.media-amazon.com/images/I/51nDQdI2xsL._AC_UL320_.jpg,kitchen organizer,2026-10-01T13:19:51.793368+00:00
133,amazon,"BIANCO Over Cabinet Door Organizer Metal Hanging Storage Basket 28cm | Under Shelf Cabinet Organizer for Kitchen, Pantry, Bathroom & Sink Cabinet, Heavy Duty Space Saving Wire Rack (Black, Pack of 1)",B09ZXQP9HL,https://www.amazon.in/dp/B09ZXQP9HL,299.0,1299.0,77.0,,371.0,,28.0,native_badge,high,True,"BIANCO Over Cabinet Door Organizer Metal Hanging Storage Basket 28cm | Under Shelf Cabinet Organizer for Kitchen, Pantry, Bathroom & Sink Cabinet, Heavy Duty Space Saving Wire Rack (Black, Pack of 1) 4.04.0 out of 5 stars (371)  300+ bought in past monthPrice, product page₹299₹299 M.R.P: ₹1,299M.R.P: ₹1,299₹1,299 (77% off)Up to 5% back with Amazon Pay ICICI cardUp to 5% back with Amazon Pay ICI...FREE delivery Sat, 3 OctOr fastest delivery Tomorrow 6 am - 10 amAdd to cart",7164.0,False,37,,,https://m.media-amazon.com/images/I/51IClLYzyTL._AC_UL320_.jpg,kitchen organizer,2026-10-01T13:19:51.793532+00:00
134,amazon,"OXMIC Wood Display Riser Stand, Wooden Display Riser Shelf, Kitchen Counter Shelf Spice Rack Organizer, Tiered Countertop Display Shelf for Perfume, Makeup, Condiment(Brown Color) (2-Tier)",B0DXBJC4HP,https://www.amazon.in/dp/B0DXBJC4HP,225.0,999.0,77.5,,669.0,,1.0,native_badge,high,True,"+1 other color/patternOXMIC Wood Display Riser Stand, Wooden Display Riser Shelf, Kitchen Counter Shelf Spice Rack Organizer, Tiered Countertop Display Shelf for Perfume, Makeup, Condiment(Brown Color) (2-Tier) 3.83.8 out of 5 stars (669)  100+ bought in past monthPrice, product page₹225₹225 M.R.P: ₹999M.R.P: ₹999₹999 (77% off)Up to 5% back with Amazon Pay ICICI cardUp to 5% back with Amazon Pay ICI...FREE delivery Thu, 8 OctAdd to cart",,False,38,,,https://m.media-amazon.com/images/I/81Xyc45+DRL._AC_UL320_.jpg,kitchen organizer,2026-10-01T13:19:51.793703+00:00
135,amazon,"Kitchen Sink Organizer with Towel Holder | Rustproof Stainless Steel Countertop Storage for Sponge, Soap & Dishcloth | Removable Drip Tray",B0FJ2SSYJQ,https://www.amazon.in/dp/B0FJ2SSYJQ,849.0,2999.0,71.7,,41.0,,,relative_only,none,False,"Kitchen Sink Organizer with Towel Holder | Rustproof Stainless Steel Countertop Storage for Sponge, Soap & Dishcloth | Removable Drip Tray 4.14.1 out of 5 stars (41)  100+ bought in past monthPrice, product page₹849₹849 M.R.P: ₹2,999M.R.P: ₹2,999₹2,999 (72% off)Up to 5% back with Amazon Pay ICICI cardUp to 5% back with Amazon Pay ICI...FREE delivery Sat, 3 OctOr fastest delivery Tomorrow, 2 OctAdd to cart",,False,39,,,https://m.media-amazon.com/images/I/71did-KjDsL._AC_UL320_.jpg,kitchen organizer,2026-10-01T13:19:51.793863+00:00
136,amazon,Mustorn Pan Organizer Rack For Kitchen Black Pots and Pans Organizer Adjustable Pot Holder for Cabinet Lid Stand for Kitchen Storage Metal Cooker Organizer Rack (5 Tiers),B0FP5691J1,https://www.amazon.in/dp/B0FP5691J1,1999.0,,,,42.0,,,relative_only,none,False,,,False,40,,,https://m.media-amazon.com/images/I/71BUoZdN-kL._AC_UL320_.jpg,kitchen organizer,2026-10-01T13:19:51.794023+00:00
137,amazon,INOVERA (LABEL) 2 Tier Pool Space Under Sink Storage Organizer - Adjustable Kitchen Rack Holder - Expandable Cabinet Shelf (White),B0DNQTZPNN,https://www.amazon.in/dp/B0DNQTZPNN,989.0,1899.0,47.9,,110.0,,1.0,native_badge,high,True,"+1 other color/patternINOVERA (LABEL) 2 Tier Pool Space Under Sink Storage Organizer - Adjustable Kitchen Rack Holder - Expandable Cabinet Shelf (White) 4.14.1 out of 5 stars (110)  100+ bought in past monthPrice, product page₹989₹989 M.R.P: ₹1,899M.R.P: ₹1,899₹1,899 (48% off)Up to 5% back with Amazon Pay ICICI cardUp to 5% back with Amazon Pay ICI...FREE delivery Sat, 3 OctOr fastest delivery Tomorrow 6 am - 10 amAdd to cart",,False,41,,,https://m.media-amazon.com/images/I/71n6ub6q3DL._AC_UL320_.jpg,kitchen organizer,2026-10-01T13:19:51.794187+00:00
138,amazon,"Drawer Organizer Tray/Kitchen Expandable Utensil Tray/Adjustable Utensil Organizer/Cutlery Silverware Flatware Holder/Divider for Spoons Forks Knives Tableware (Black, 1 Pcs)",B0GKBBN7RR,https://www.amazon.in/dp/B0GKBBN7RR,705.0,1199.0,41.2,,178.0,,,relative_only,none,False,"Drawer Organizer Tray/Kitchen Expandable Utensil Tray/Adjustable Utensil Organizer/Cutlery Silverware Flatware Holder/Divider for Spoons Forks Knives Tableware (Black, 1 Pcs) 4.14.1 out of 5 stars (178)  100+ bought in past monthSale Price LivePrice, product page₹705₹705 M.R.P: ₹1,199M.R.P: ₹1,199₹1,199 (41% off)You pay ₹690.90 2% off coupon appliedYou pay ₹690.90  with coupon FREE delivery Sat, 3 OctOr fastest delivery Tomorrow, 2 OctSee options",,False,42,,,https://m.media-amazon.com/images/I/71ETRwcP7nL._AC_UL320_.jpg,kitchen organizer,2026-10-01T13:19:51.794371+00:00
139,amazon,"Oblivion Wardrobe Organizer for Storage 6 Pcs - Plastic Multipurpose Desk Organizer Tray, Multicolour Office Drawer Dividers Bins for Household Items, Bathroom, Makeup, Bedroom Dresser & Basket Rack",B0CRL4HP4S,https://www.amazon.in/dp/B0CRL4HP4S,255.0,579.0,56.0,,390.0,,6.0,native_badge,high,True,"Oblivion Wardrobe Organizer for Storage 6 Pcs - Plastic Multipurpose Desk Organizer Tray, Multicolour Office Drawer Dividers Bins for Household Items, Bathroom, Makeup, Bedroom Dresser & Basket Rack 3.83.8 out of 5 stars (390)  800+ bought in past monthPrice, product page₹255₹255 M.R.P: ₹579M.R.P: ₹579₹579 (56% off)Up to 5% back with Amazon Pay ICICI cardUp to 5% back with Amazon Pay ICI...FREE delivery Sat, 3 OctOr fastest delivery Tomorrow, 2 OctAdd to cart",,False,43,,,https://m.media-amazon.com/images/I/61O0YPyRbJL._AC_UL320_.jpg,kitchen organizer,2026-10-01T13:19:51.794546+00:00
140,amazon,"INOVERA (LABEL) Sponge Holder for Kitchen Sink - Dish Soap Brush Holding Rack Stand - Sinks Organizer Caddy - 23L x 9B x 10H cm (Black, metal)",B0DP93R2TP,https://www.amazon.in/dp/B0DP93R2TP,379.0,899.0,57.8,,244.0,,23.0,native_badge,high,True,"INOVERA (LABEL) Sponge Holder for Kitchen Sink - Dish Soap Brush Holding Rack Stand - Sinks Organizer Caddy - 23L x 9B x 10H cm (Black, metal) 4.04.0 out of 5 stars (244)  300+ bought in past monthPrice, product page₹379₹379 M.R.P: ₹899M.R.P: ₹899₹899 (58% off)Up to 5% back with Amazon Pay ICICI cardUp to 5% back with Amazon Pay ICI...FREE delivery Sat, 3 OctOr fastest delivery Tomorrow 6 am - 10 amAdd to cart",18801.0,False,44,,,https://m.media-amazon.com/images/I/71Ss0Lzu2YL._AC_UL320_.jpg,kitchen organizer,2026-10-01T13:19:51.794719+00:00
141,amazon,"Vasukie Divided Fridge Storage Boxes With 4 Serving Veggie Tray with Lid and Handle, Fridge Organizer with Removable 4 Compartment, Fridge Storage Containers (4 Compartment-1PC)",B0D9BXPRF9,https://www.amazon.in/dp/B0D9BXPRF9,799.0,3998.0,80.0,,301.0,,4.0,native_badge,high,True,"Vasukie Divided Fridge Storage Boxes With 4 Serving Veggie Tray with Lid and Handle, Fridge Organizer with Removable 4 Compartment, Fridge Storage Containers (4 Compartment-1PC) 4.34.3 out of 5 stars (301)  400+ bought in past monthPrice, product page₹799₹799 M.R.P: ₹3,998M.R.P: ₹3,998₹3,998 (80% off)Up to 5% back with Amazon Pay ICICI cardUp to 5% back with Amazon Pay ICI...FREE delivery Sun, 4 OctOr fastest delivery Tomorrow 6 am - 10 amAdd to cart",,False,45,,,https://m.media-amazon.com/images/I/71Mcqwn-AJL._AC_UL320_.jpg,kitchen organizer,2026-10-01T13:19:51.794885+00:00
142,amazon,"Amazon Brand - Solimo 3-Tier Utility Cart with Rolling Swivel Wheels | Multipurpose Storage Organizer for Kitchen, Bathroom, Office & Laundry Plastic Trays with Steel Metal Rods (Black)",B0F5BM2SPF,https://www.amazon.in/dp/B0F5BM2SPF,1069.0,1699.0,37.1,,167.0,,3.0,native_badge,high,True,"Amazon Brand - Solimo 3-Tier Utility Cart with Rolling Swivel Wheels | Multipurpose Storage Organizer for Kitchen, Bathroom, Office & Laundry Plastic Trays with Steel Metal Rods (Black) 3.83.8 out of 5 stars (167)  100+ bought in past monthPrice, product page₹1,069₹1,069 M.R.P: ₹1,699M.R.P: ₹1,699₹1,699 (37% off)Up to 5% back with Amazon Pay ICICI cardUp to 5% back with Amazon Pay ICI...FREE delivery Sat, 3 OctOr fastest delivery Tomorrow 6 am - 10 amAdd to cart",,False,46,,,https://m.media-amazon.com/images/I/71bsM708pTL._AC_UL320_.jpg,kitchen organizer,2026-10-01T13:19:51.795048+00:00
143,amazon,"Kitchen Sink Organiser Rack, ABS Material, Wall Mounted Storage Shelf with Towel Hanging Rack, Multiple Use for Bathroom Kitchen Sink, Cleaning Supplies Organizer [ND-13314]",B0DK7W9SC9,https://www.amazon.in/dp/B0DK7W9SC9,389.0,999.0,61.1,,182.0,,,relative_only,none,False,"Kitchen Sink Organiser Rack, ABS Material, Wall Mounted Storage Shelf with Towel Hanging Rack, Multiple Use for Bathroom Kitchen Sink, Cleaning Supplies Organizer [ND-13314] 4.04.0 out of 5 stars (182)  200+ bought in past monthPrice, product page₹389₹389 M.R.P: ₹999M.R.P: ₹999₹999 (61% off)Up to 5% back with Amazon Pay ICICI cardUp to 5% back with Amazon Pay ICI...FREE delivery Sat, 3 OctOr fastest delivery Tomorrow, 2 OctAdd to cart",,False,47,,,https://m.media-amazon.com/images/I/7149k1Yc+gL._AC_UL320_.jpg,kitchen organizer,2026-10-01T13:19:51.795311+00:00
144,amazon,House of vipa Bathroom Shelf Without Drill | Adhesive Bathroom Organizer Wall Shelf | 2 Shelves + 2 Soap Dish | Waterproof Rust-Free Bathroom Rack for Kitchen & Washbasin,B097SVHX7L,https://www.amazon.in/dp/B097SVHX7L,214.0,1299.0,83.5,,5600.0,,2.0,native_badge,high,True,"House of vipa Bathroom Shelf Without Drill | Adhesive Bathroom Organizer Wall Shelf | 2 Shelves + 2 Soap Dish | Waterproof Rust-Free Bathroom Rack for Kitchen & Washbasin 3.83.8 out of 5 stars (5.6K)  4K+ bought in past monthLimited time dealPrice, product page₹214₹214 M.R.P: ₹1,299M.R.P: ₹1,299₹1,299 (84% off)Up to 5% back with Amazon Pay ICICI cardUp to 5% back with Amazon Pay ICI...FREE delivery Sat, 3 OctOr fastest delivery Tomorrow, 2 OctSee options",,False,48,,,https://m.media-amazon.com/images/I/61iyI7eNxdL._AC_UL320_.jpg,kitchen organizer,2026-10-01T13:19:51.795587+00:00
145,amazon,"Kuber Industries Multipurposes Small M 15 Plastic Basket, Organizer for Kitchen, Countertops, Cabinets, Bathrooms Without Lid (Brown) -46KKM0110,Standard",B09MVWMFD9,https://www.amazon.in/dp/B09MVWMFD9,77.0,689.0,88.8,,648.0,,15.0,native_badge,high,True,"Kuber Industries Multipurposes Small M 15 Plastic Basket, Organizer for Kitchen, Countertops, Cabinets, Bathrooms Without Lid (Brown) -46KKM0110,Standard 3.93.9 out of 5 stars (648)  100+ bought in past monthSale Price LivePrice, product page₹77₹77 M.R.P: ₹689M.R.P: ₹689₹689 (89% off)Up to 5% back with Amazon Pay ICICI cardUp to 5% back with Amazon Pay ICI...FREE delivery Sat, 3 OctOr fastest delivery Tomorrow 6 am - 10 amAdd to cart",8387.0,False,1,,,https://m.media-amazon.com/images/I/61H-GrkHaOL._AC_UL320_.jpg,kitchen organizer,2026-10-01T13:20:03.111793+00:00
146,amazon,"MILTON Vintage Airtight Containers with Spoons for Kitchen Storage, Food Grade Plastic, Stackable and Transparent Organizer Jars, Masala Dabba, 3 Litres, 1 Piece for Tea, Coffee, Sugar, Dry Fruits",B0C7H4P7WC,https://www.amazon.in/dp/B0C7H4P7WC,293.0,385.0,23.9,,3400.0,,,relative_only,none,False,"MILTON Vintage Airtight Containers with Spoons for Kitchen Storage, Food Grade Plastic, Stackable and Transparent Organizer Jars, Masala Dabba, 3 Litres, 1 Piece for Tea, Coffee, Sugar, Dry Fruits 4.54.5 out of 5 stars (3.4K)  600+ bought in past monthPrice, product page₹293₹293 M.R.P: ₹385M.R.P: ₹385₹385 (24% off)Up to 5% back with Amazon Pay ICICI cardUp to 5% back with Amazon Pay ICI...FREE delivery Sat, 3 OctOr fastest delivery Tomorrow 6 am - 10 amAdd to cart",,False,2,,,https://m.media-amazon.com/images/I/71BlE4xw0FL._AC_UL320_.jpg,kitchen organizer,2026-10-01T13:20:03.112041+00:00
147,amazon,"CELLO Checkers Kitchen Storage Container Box Set of 18 Pcs Grey (6x300ml, 6x650ml, 6x1200ml) | Transparent Unbreakable Fridge Safe Stackable Airtight Storage Canister Set For Spices Dry Fruits Grains",B01LYBZX6Y,https://www.amazon.in/dp/B01LYBZX6Y,599.0,1119.0,46.5,,72300.0,,18.0,native_badge,high,True,"CELLO Checkers Kitchen Storage Container Box Set of 18 Pcs Grey (6x300ml, 6x650ml, 6x1200ml) | Transparent Unbreakable Fridge Safe Stackable Airtight Storage Canister Set For Spices Dry Fruits Grains 4.44.4 out of 5 stars (72.3K)  3K+ bought in past monthPrice, product page₹599₹599 M.R.P: ₹1,119M.R.P: ₹1,119₹1,119 (46% off)Up to 5% back with Amazon Pay ICICI cardUp to 5% back with Amazon Pay ICI...FREE delivery Sat, 3 OctOr fastest delivery Tomorrow 6 am - 10 amAdd to cart",346.0,False,3,,,https://m.media-amazon.com/images/I/81L5Z0+pd7L._AC_UL320_.jpg,kitchen organizer,2026-10-01T13:20:03.112349+00:00
148,amazon,"Frenchware Heavy Duty 5-Tier Vertical Tawa Stand Shelf, 12.2 x 9 inch",B0FFG9G6C7,https://www.amazon.in/dp/B0FFG9G6C7,455.0,699.0,34.9,,63.0,,5.0,native_badge,high,True,"Frenchware Heavy Duty 5-Tier Vertical Tawa Stand Shelf, 12.2 x 9 inch For Skillets, Griddles, Trays, Freestanding or Wall-Mounted, Space Saving4.24.2 out of 5 stars (63)  400+ bought in past monthSale Price LivePrice, product page₹455₹455 M.R.P: ₹699M.R.P: ₹699₹699 (35% off)Up to 5% back with Amazon Pay ICICI cardUp to 5% back with Amazon Pay ICI...FREE delivery Sat, 3 OctOr fastest delivery Tomorrow, 2 OctAdd to cart",,False,4,,,https://m.media-amazon.com/images/I/71fBtbwNzML._AC_UL320_.jpg,kitchen organizer,2026-10-01T13:20:03.112595+00:00
149,amazon,"Zollyss Drawer Organizer Set of 6 | BPA Free Plastic Drawer Trays for Kitchen, Bathroom, Office & Dresser | Stackable Storage Organizer for Makeup, Jewellery, Cutlery & Accessories, Clear",B0BTYS3ZYV,https://www.amazon.in/dp/B0BTYS3ZYV,399.0,899.0,55.6,,839.0,,6.0,native_badge,high,True,"Zollyss Drawer Organizer Set of 6 | BPA Free Plastic Drawer Trays for Kitchen, Bathroom, Office & Dresser | Stackable Storage Organizer for Makeup, Jewellery, Cutlery & Accessories, Clear 4.34.3 out of 5 stars (839)  1K+ bought in past monthPrice, product page₹399₹399 M.R.P: ₹899M.R.P: ₹899₹899 (56% off)Up to 5% back with Amazon Pay ICICI cardUp to 5% back with Amazon Pay ICI...FREE delivery Sat, 3 OctOr fastest delivery Tomorrow 6 am - 10 amAdd to cart",,False,5,,,https://m.media-amazon.com/images/I/61xkawGEc9L._AC_UL320_.jpg,kitchen organizer,2026-10-01T13:20:03.112839+00:00
150,amazon,"Milton Hexa Airtight Containers for Kitchen Storage Food Grade Plastic, Stackable & Transparent Organizer Jars, Masala Dabba, Set Of 18 (6 x 270ml, 6 x 665ml, 6 x 1.24L) Tea, Coffee, Sugar, Dry Fruits",B0CB49ZY5T,https://www.amazon.in/dp/B0CB49ZY5T,649.0,,,,557.0,,,relative_only,none,False,"Milton Hexa Airtight Containers for Kitchen Storage Food Grade Plastic, Stackable & Transparent Organizer Jars, Masala Dabba, Set Of 18 (6 x 270ml, 6 x 665ml, 6 x 1.24L) Tea, Coffee, Sugar, Dry Fruits 4.44.4 out of 5 stars (557)  600+ bought in past monthPrice, product page₹649₹649 (₹36.06₹36.06/count) M.R.P: ₹1,314M.R.P: ₹1,314₹1,314 (51% off)Up to 5% back with Amazon Pay ICICI cardUp to 5% back with Amazon Pay ICI...FREE delivery Sat, 3 OctOr fastest delivery Tomorrow 6 am - 10 amAdd to cart",,False,6,,,https://m.media-amazon.com/images/I/81SnU6z5SkL._AC_UL320_.jpg,kitchen organizer,2026-10-01T13:20:03.113852+00:00
151,amazon,"Satpurush 4-Tier Kitchen Organizer Rack – Space-Saving Metal Countertop Shelf for Spice Jars, Oil Bottles & Containers, Modern Storage Solution (4 Layer)",B0GVN1WY99,https://www.amazon.in/dp/B0GVN1WY99,498.0,699.0,28.8,,131.0,,,relative_only,none,False,,,False,7,,,https://m.media-amazon.com/images/I/719Uoq8jwrL._AC_UL320_.jpg,kitchen organizer,2026-10-01T13:20:03.114357+00:00
152,amazon,"Dime Store Enginereed Wood Cutlery Holder with Napkin Rack for Countertop Multipurpose Rack organzier Spoon Kitchen Organizer Rack for Kitchen Dining Table, Restaurant (Brown)",B0C9CKNXQQ,https://www.amazon.in/dp/B0C9CKNXQQ,265.0,999.0,73.5,,490.0,,,relative_only,none,False,"Dime Store Enginereed Wood Cutlery Holder with Napkin Rack for Countertop Multipurpose Rack organzier Spoon Kitchen Organizer Rack for Kitchen Dining Table, Restaurant (Brown) 4.34.3 out of 5 stars (490)  200+ bought in past monthSale Price LivePrice, product page₹265₹265 M.R.P: ₹999M.R.P: ₹999₹999 (73% off)Up to 5% back with Amazon Pay ICICI cardUp to 5% back with Amazon Pay ICI...FREE delivery Sat, 3 OctOr fastest delivery Tomorrow 6 am - 10 amAdd to cart",,False,8,,,https://m.media-amazon.com/images/I/71uwv1eYsHL._AC_UL320_.jpg,kitchen organizer,2026-10-01T13:20:03.114966+00:00
153,amazon,"MILTON Quadra Modular Multi-Purpose Plastic Containers with Lid, Set of 3 (1.8L, 2.7L, 3.7L) Kitchen Storage Container Set for Spices, Atta, Grains Organizers, Transparent Dabba, Blue",B08518TZFZ,https://www.amazon.in/dp/B08518TZFZ,382.0,,,,4700.0,,,relative_only,none,False,"MILTON Quadra Modular Multi-Purpose Plastic Containers with Lid, Set of 3 (1.8L, 2.7L, 3.7L) Kitchen Storage Container Set for Spices, Atta, Grains Organizers, Transparent Dabba, Blue 4.24.2 out of 5 stars (4.7K)  1K+ bought in past monthPrice, product page₹382₹382 (₹127.33₹127.33/count) M.R.P: ₹455M.R.P: ₹455₹455 (16% off)Up to 5% back with Amazon Pay ICICI cardUp to 5% back with Amazon Pay ICI...FREE delivery Sat, 3 OctOr fastest delivery Tomorrow 6 am - 10 amAdd to cartMore Buying Choices₹300(2 new offers)",,False,9,,,https://m.media-amazon.com/images/I/71e-CkcnwKL._AC_UL320_.jpg,kitchen organizer,2026-10-01T13:20:03.115561+00:00
154,amazon,"MILTON 6-in-1 Grid Fridge Storage Containers Fridge Organizer Container & Lid, Stackable Box, Space Saving Plastic Containers for Chopped Vegetables, Fruits",B0F9YFP8QL,https://www.amazon.in/dp/B0F9YFP8QL,275.0,,,,522.0,,6.0,native_badge,high,True,"MILTON 6-in-1 Grid Fridge Storage Containers Fridge Organizer Container & Lid, Stackable Box, Space Saving Plastic Containers for Chopped Vegetables, Fruits 4.24.2 out of 5 stars (522)  2K+ bought in past monthPrice, product page₹275₹275 (₹45.83₹45.83/count) M.R.P: ₹499M.R.P: ₹499₹499 (45% off)Up to 5% back with Amazon Pay ICICI cardUp to 5% back with Amazon Pay ICI...FREE delivery Sat, 3 OctOr fastest delivery Tomorrow 6 am - 10 amAdd to cart",,False,10,,,https://m.media-amazon.com/images/I/61qZuwxy0-L._AC_UL320_.jpg,kitchen organizer,2026-10-01T13:20:03.116006+00:00
155,amazon,MBCARE Stainless Steel Dish Bakeware Rack - Space Saving Organizer for Kitchen Cabinets - Holds 10 Plates Drying Stand for Plates - Home & Kitchen Plate Organizer Rack,B0CWD62PLJ,https://www.amazon.in/dp/B0CWD62PLJ,264.12,999.0,73.6,,718.0,,10.0,native_badge,high,True,"MBCARE Stainless Steel Dish Bakeware Rack - Space Saving Organizer for Kitchen Cabinets - Holds 10 Plates Drying Stand for Plates - Home & Kitchen Plate Organizer Rack 4.24.2 out of 5 stars (718)  700+ bought in past monthLimited time dealPrice, product page₹264.12₹264.12 M.R.P: ₹999M.R.P: ₹999₹999 (74% off)You pay ₹250.91 5% off coupon appliedYou pay ₹250.91  with coupon FREE delivery Tue, 6 OctOr fastest delivery Sun, 4 OctAdd to cart",2910.0,False,11,,,https://m.media-amazon.com/images/I/41SZEjPkGHL._AC_UL320_.jpg,kitchen organizer,2026-10-01T13:20:03.116599+00:00
156,amazon,Krevia Plastic 6-Grid Round Food Dispenser | 360° Rotating Food Bucket Transparent Rice Storage Container | Rotatable Dry Food Fruit Cereal Storage Box Container with Lid for Home and Kitchen (White),B0DG93PV1M,https://www.amazon.in/dp/B0DG93PV1M,1610.0,2999.0,46.3,,236.0,,6.0,native_badge,high,True,"Krevia Plastic 6-Grid Round Food Dispenser | 360° Rotating Food Bucket Transparent Rice Storage Container | Rotatable Dry Food Fruit Cereal Storage Box Container with Lid for Home and Kitchen (White) 4.34.3 out of 5 stars (236)  50+ bought in past monthLimited time dealPrice, product page₹1,610₹1,610 M.R.P: ₹2,999M.R.P: ₹2,999₹2,999 (46% off)You pay ₹1,529.50 5% off coupon appliedYou pay ₹1,529.50  with coupon FREE delivery Sat, 3 OctOr fastest delivery Tomorrow, 2 OctAdd to cart",,False,12,,,https://m.media-amazon.com/images/I/81lYVJd61ZL._AC_UL320_.jpg,kitchen organizer,2026-10-01T13:20:03.117172+00:00
157,amazon,Nayasa Gloria Basket for Storage | Vegetable & Fruit Basket | Storage Box and Organiser with Lid | Multipurpose Kitchen Organizer Rack | Medium | Brown,B075SKB2FM,https://www.amazon.in/dp/B075SKB2FM,239.0,249.0,4.0,,5700.0,,,relative_only,none,False,,,False,13,,,https://m.media-amazon.com/images/I/61a+lPzGm1L._AC_UL320_.jpg,kitchen organizer,2026-10-01T13:20:03.117704+00:00
158,amazon,"GOLWYN Air Tight Containers For Kitchen Storage Set, Container For Kitchen Storage Set, Kitchen Organizer And Kitchen Accessories Items & Storage (1100 ML Set Of 4)(Plastic),Transparent",B0B2S9LCN7,https://www.amazon.in/dp/B0B2S9LCN7,435.0,,,,4700.0,,,relative_only,none,False,"GOLWYN Air Tight Containers For Kitchen Storage Set, Container For Kitchen Storage Set, Kitchen Organizer And Kitchen Accessories Items & Storage (1100 ML Set Of 4)(Plastic),Transparent 4.24.2 out of 5 stars (4.7K)  500+ bought in past monthLimited time dealPrice, product page₹435₹435 (₹108.75₹108.75/piece) M.R.P: ₹899M.R.P: ₹899₹899 (52% off)You pay ₹421.95 3% off coupon appliedYou pay ₹421.95  with coupon FREE delivery Sat, 3 OctOr fastest delivery Tomorrow 6 am - 10 amAdd to cart",,False,14,,,https://m.media-amazon.com/images/I/71w1gvNxZwL._AC_UL320_.jpg,kitchen organizer,2026-10-01T13:20:03.118326+00:00
159,amazon,"Treo By Milton Cube Storage Glass Jar, Set of 6, 310 ml Each, Transparent, BPA Free, Storage Jar, Kitchen Organizer, Modular, Multipurpose, Cookies Jar",B07MBYSTN5,https://www.amazon.in/dp/B07MBYSTN5,603.0,,,,18000.0,,,relative_only,none,False,"Treo By Milton Cube Storage Glass Jar, Set of 6, 310 ml Each, Transparent, BPA Free, Storage Jar, Kitchen Organizer, Modular, Multipurpose, Cookies Jar 4.34.3 out of 5 stars (18K)  500+ bought in past monthPrice, product page₹603₹603 (₹100.50₹100.50/count) M.R.P: ₹720M.R.P: ₹720₹720 (16% off)Up to 5% back with Amazon Pay ICICI cardUp to 5% back with Amazon Pay ICI...FREE delivery Sat, 3 OctOr fastest delivery Tomorrow 6 am - 10 amAdd to cartMore Buying Choices₹600(10 new offers)",,False,15,,,https://m.media-amazon.com/images/I/71cIfMs54EL._AC_UL320_.jpg,kitchen organizer,2026-10-01T13:20:03.118884+00:00
160,amazon,"THE SR BRAND Small Plastic Clothing Storage Basket, Compact Organizer Box with Handles for Drawers, Kitchen, Bathroom & Home, Durable, Lightweight, Multi-Purpose Plastic Organizer (White, Pack of 4)",B0F5HXHDLT,https://www.amazon.in/dp/B0F5HXHDLT,249.0,499.0,50.1,,264.0,,,relative_only,none,False,"THE SR BRAND Small Plastic Clothing Storage Basket, Compact Organizer Box with Handles for Drawers, Kitchen, Bathroom & Home, Durable, Lightweight, Multi-Purpose Plastic Organizer (White, Pack of 4) 4.14.1 out of 5 stars (264)  200+ bought in past monthLimited time dealPrice, product page₹249₹249 M.R.P: ₹499M.R.P: ₹499₹499 (50% off)Up to 5% back with Amazon Pay ICICI cardUp to 5% back with Amazon Pay ICI...FREE delivery Sat, 3 OctOr fastest delivery Tomorrow 6 am - 10 amAdd to cart",,False,16,,,https://m.media-amazon.com/images/I/51QAORdnVJL._AC_UL320_.jpg,kitchen organizer,2026-10-01T13:20:03.119404+00:00
161,amazon,"Sumeet Stainless Steel Belly Shape Masala Box, Small, Beige",B07C5PHJQ5,https://www.amazon.in/dp/B07C5PHJQ5,539.0,1000.0,46.1,,10400.0,,,relative_only,none,False,"Best sellerin Dressing, Seasoning & Spice DispensersSumeet Stainless Steel Belly Shape Masala Box, Small, Beige See Through Lid, 7 Containers, Small Spoon Included, Spice Organiser4.14.1 out of 5 stars (10.4K)  2K+ bought in past monthPrice, product page₹539₹539 M.R.P: ₹1,000M.R.P: ₹1,000₹1,000 (46% off)Up to 5% back with Amazon Pay ICICI cardUp to 5% back with Amazon Pay ICI...FREE delivery Sat, 3 OctOr fastest delivery Tomorrow 6 am - 10 amAdd to cart",,False,17,,,https://m.media-amazon.com/images/I/61S9u6nF+dL._AC_UL320_.jpg,kitchen organizer,2026-10-01T13:20:03.119986+00:00
162,amazon,Amazon Brand - Solimo Revolving Spice Rack Set | 16 pieces | Plastic | Tiered Shelf | Tabletop | Green,B07PBBRWFG,https://www.amazon.in/dp/B07PBBRWFG,639.0,1100.0,41.9,,23300.0,,16.0,native_badge,high,True,"Amazon Brand - Solimo Revolving Spice Rack Set | 16 pieces | Plastic | Tiered Shelf | Tabletop | Green 3.93.9 out of 5 stars (23.3K)  100+ bought in past monthPrice, product page₹639₹639 M.R.P: ₹1,100M.R.P: ₹1,100₹1,100 (42% off)Up to 5% back with Amazon Pay ICICI cardUp to 5% back with Amazon Pay ICI...FREE delivery Sat, 3 OctOr fastest delivery Tomorrow, 2 OctAdd to cart",2783.0,False,18,,,https://m.media-amazon.com/images/I/71D5DvQ3ePS._AC_UL320_.jpg,kitchen organizer,2026-10-01T13:20:03.120559+00:00
163,amazon,"RAYMOX Set of 2 Metal Bathroom Corner Shelf, No-Drill Self-Adhesive Wall Rack - (9 inch - 2 pcs)",B0FC2W876L,https://www.amazon.in/dp/B0FC2W876L,265.0,2999.0,91.2,,753.0,,2000000.0,native_badge,high,True,"RAYMOX Set of 2 Metal Bathroom Corner Shelf, No-Drill Self-Adhesive Wall Rack - (9 inch - 2 pcs) 3.93.9 out of 5 stars (753)  500+ bought in past monthPrice, product page₹265₹265 M.R.P: ₹2,999M.R.P: ₹2,999₹2,999 (91% off)Up to 5% back with Amazon Pay ICICI cardUp to 5% back with Amazon Pay ICI...FREE delivery Tue, 6 OctOr fastest delivery Tomorrow 6 am - 10 amService: InstallationSee options",593.0,False,19,,,https://m.media-amazon.com/images/I/91MQFDChJPL._AC_UL320_.jpg,kitchen organizer,2026-10-01T13:20:03.121181+00:00
164,amazon,"PANCA Multipurpose Bamboo Storage Basket for Kitchen, Onion Potato Sabji, Fruit Storage Basket With Cover, Countertop Kitchen Organizer (Multipurpose Bamboo Basket)",B0FGQF3PK8,https://www.amazon.in/dp/B0FGQF3PK8,739.0,2499.0,70.4,,77.0,,,relative_only,none,False,"PANCA Multipurpose Bamboo Storage Basket for Kitchen, Onion Potato Sabji, Fruit Storage Basket With Cover, Countertop Kitchen Organizer (Multipurpose Bamboo Basket) 3.33.3 out of 5 stars (77)  300+ bought in past monthSale Price LivePrice, product page₹739₹739 M.R.P: ₹2,499M.R.P: ₹2,499₹2,499 (70% off)Up to 5% back with Amazon Pay ICICI cardUp to 5% back with Amazon Pay ICI...FREE delivery Sat, 3 OctOr fastest delivery Tomorrow 6 am - 10 amAdd to cart",,False,20,,,https://m.media-amazon.com/images/I/71YnKRTHQyL._AC_UL320_.jpg,kitchen organizer,2026-10-01T13:20:03.121626+00:00
165,amazon,"Oblivion Plastic Masala Box 1 Pc – Multicolor Spice Storage Container, Rangoli Organizer Dabba, Stylish Airtight Kitchen Box for Indian Spices, Compact Multi-Compartment & Durable Traditional Storage",B08T75YB85,https://www.amazon.in/dp/B08T75YB85,163.0,339.0,51.9,,1900.0,,1.0,native_badge,high,True,"Oblivion Plastic Masala Box 1 Pc – Multicolor Spice Storage Container, Rangoli Organizer Dabba, Stylish Airtight Kitchen Box for Indian Spices, Compact Multi-Compartment & Durable Traditional Storage 4.14.1 out of 5 stars (1.9K)  1K+ bought in past monthSale Price LivePrice, product page₹163₹163 M.R.P: ₹339M.R.P: ₹339₹339 (52% off)Up to 5% back with Amazon Pay ICICI cardUp to 5% back with Amazon Pay ICI...FREE delivery Sat, 3 OctOr fastest delivery Tomorrow 6 am - 10 amAdd to cart",,False,21,,,https://m.media-amazon.com/images/I/71bUHPR6GTL._AC_UL320_.jpg,kitchen organizer,2026-10-01T13:20:03.122058+00:00
166,amazon,"JIALTO Wall Hooks for Hanging Strong, Adhesive Hooks for Wall Heavy Duty, Wall hangings, Kitchen Accessories Items, Sticky Photo Frame Hangers (Pack of 20, Nail Hook)",B0BSRX7P6F,https://www.amazon.in/dp/B0BSRX7P6F,,,,,2600.0,,,relative_only,none,False,"JIALTO Wall Hooks for Hanging Strong, Adhesive Hooks for Wall Heavy Duty, Wall hangings, Kitchen Accessories Items, Sticky Photo Frame Hangers (Pack of 20, Nail Hook) 4.14.1 out of 5 stars (2.6K)  5K+ bought in past monthSee optionsNo featured offers available₹189(2 new offers)",,False,22,,,https://m.media-amazon.com/images/I/61Sg8yZVJZL._AC_UL320_.jpg,kitchen organizer,2026-10-01T13:20:03.122463+00:00
167,amazon,iSTAR Bathroom Organiser Without Drill Bathroom Accessories Set Set of 2 Metal Bathroom Corner Shelf Rack | Self Adhesive Wall Mounted Storage Organizer for Bathroom & Kitchen | Rustproof Shelves,B0DGKYX4PT,https://www.amazon.in/dp/B0DGKYX4PT,299.0,1299.0,77.0,,620.0,,2000000.0,native_badge,high,True,"iSTAR Bathroom Organiser Without Drill Bathroom Accessories Set Set of 2 Metal Bathroom Corner Shelf Rack | Self Adhesive Wall Mounted Storage Organizer for Bathroom & Kitchen | Rustproof Shelves 3.93.9 out of 5 stars (620)  400+ bought in past monthLimited time dealPrice, product page₹299₹299 M.R.P: ₹1,299M.R.P: ₹1,299₹1,299 (77% off)Up to 5% back with Amazon Pay ICICI cardUp to 5% back with Amazon Pay ICI...FREE delivery Sat, 3 OctOr fastest delivery Tomorrow 6 am - 10 amService: InstallationAdd to cart",2593.0,False,23,,,https://m.media-amazon.com/images/I/61Qe4avb9CL._AC_UL320_.jpg,kitchen organizer,2026-10-01T13:20:03.122849+00:00
168,amazon,"Plastic Storage Box with Lid – Large Stackable Organizer Storage Box for Clothes, Toys, Kitchen – Big Size Plastic Storage Container Basket for Home, Office, Bathroom(Large,2pcs,Transparent)",B0G7ZC12F1,https://www.amazon.in/dp/B0G7ZC12F1,699.0,,,,191.0,,5.0,native_badge,high,True,"+5 other colors/patternsPlastic Storage Box with Lid – Large Stackable Organizer Storage Box for Clothes, Toys, Kitchen – Big Size Plastic Storage Container Basket for Home, Office, Bathroom(Large,2pcs,Transparent) 3.73.7 out of 5 stars (191)  600+ bought in past monthLimited time dealPrice, product page₹699₹699 (₹349.50₹349.50/count) M.R.P: ₹1,499M.R.P: ₹1,499₹1,499 (53% off)Up to 5% back with Amazon Pay ICICI cardUp to 5% back with Amazon Pay ICI...FREE delivery Sat, 3 OctOr fastest delivery Tomorrow, 2 OctAdd to cart",,False,24,,,https://m.media-amazon.com/images/I/61-Q-OT-aVL._AC_UL320_.jpg,kitchen organizer,2026-10-01T13:20:03.123298+00:00
169,amazon,"MILTON Olive Airtight Containers with Spoons for Kitchen Storage, Food Grade, BPA-Free Plastic, Stackable & Transparent Organizer Jar, Masala Dabba, Ideal for Tea, Coffee, Sugar, Dry Fruits, Snacks",B0F1TSPCF1,https://www.amazon.in/dp/B0F1TSPCF1,125.0,145.0,13.8,,941.0,,,relative_only,none,False,"MILTON Olive Airtight Containers with Spoons for Kitchen Storage, Food Grade, BPA-Free Plastic, Stackable & Transparent Organizer Jar, Masala Dabba, Ideal for Tea, Coffee, Sugar, Dry Fruits, Snacks 4.44.4 out of 5 stars (941)  100+ bought in past monthPrice, product page₹125₹125 M.R.P: ₹145M.R.P: ₹145₹145 (14% off)Up to 5% back with Amazon Pay ICICI cardUp to 5% back with Amazon Pay ICI...FREE delivery Sat, 3 OctOr fastest delivery Tomorrow 6 am - 10 amAdd to cart",,False,25,,,https://m.media-amazon.com/images/I/71WdTLhPAML._AC_UL320_.jpg,kitchen organizer,2026-10-01T13:20:03.123821+00:00
170,amazon,"Stainless Steel Kitchen Countertop Storage Rack, Under Cabinet Kitchen Dish Rack| Multipurpose Storage Stand, Bed Rack, Space Saving Rack | (28 x 18.5 x 12.5 CM, Silver) (Pack of 5)",B0GDV1PNPX,https://www.amazon.in/dp/B0GDV1PNPX,465.0,,,,63.0,,,relative_only,none,False,"Stainless Steel Kitchen Countertop Storage Rack, Under Cabinet Kitchen Dish Rack| Multipurpose Storage Stand, Bed Rack, Space Saving Rack | (28 x 18.5 x 12.5 CM, Silver) (Pack of 5) 4.24.2 out of 5 stars (63)  200+ bought in past monthPrice, product page₹465₹465 (₹93₹93/count) M.R.P: ₹1,899M.R.P: ₹1,899₹1,899 (76% off)Up to 5% back with Amazon Pay ICICI cardUp to 5% back with Amazon Pay ICI...FREE delivery Tue, 6 OctAdd to cart",,False,26,,,https://m.media-amazon.com/images/I/71gA+xz61dL._AC_UL320_.jpg,kitchen organizer,2026-10-01T13:20:03.124346+00:00
171,amazon,"Go Hooked 16 Inch Undershelf Storage Basket Pack of 1 | Multipurpose Under Shelf Organizer | Hanging Wire Basket for Cabinet, Shelf, Pantry, Cupboard, Closet, Desk, and Bathroom (White)",B07YWVTK5W,https://www.amazon.in/dp/B07YWVTK5W,379.0,999.0,62.1,,1400.0,,16.0,native_badge,high,True,"Go Hooked 16 Inch Undershelf Storage Basket Pack of 1 | Multipurpose Under Shelf Organizer | Hanging Wire Basket for Cabinet, Shelf, Pantry, Cupboard, Closet, Desk, and Bathroom (White) 4.14.1 out of 5 stars (1.4K)  300+ bought in past monthLimited time dealPrice, product page₹379₹379 M.R.P: ₹999M.R.P: ₹999₹999 (62% off)Up to 5% back with Amazon Pay ICICI cardUp to 5% back with Amazon Pay ICI...FREE delivery Sat, 3 OctOr fastest delivery Tomorrow 6 am - 10 amAdd to cart",3420.0,False,27,,,https://m.media-amazon.com/images/I/511ua-EANBL._AC_UL320_.jpg,kitchen organizer,2026-10-01T13:20:03.124934+00:00
172,amazon,"HAPPI Self-Adhesive Wall-Mount Kitchen Cutlery Holder, Knife Stand, Spoon/Fork/Chopstick Storage Rack Organizer Box (4-Compartments)",B0GG58RX68,https://www.amazon.in/dp/B0GG58RX68,220.0,499.0,55.9,,97.0,,,relative_only,none,False,"HAPPI Self-Adhesive Wall-Mount Kitchen Cutlery Holder, Knife Stand, Spoon/Fork/Chopstick Storage Rack Organizer Box (4-Compartments) 3.53.5 out of 5 stars (97)  100+ bought in past monthPrice, product page₹220₹220 M.R.P: ₹499M.R.P: ₹499₹499 (56% off)Up to 5% back with Amazon Pay ICICI cardUp to 5% back with Amazon Pay ICI...FREE delivery Sat, 3 OctOr fastest delivery Tomorrow 6 am - 10 amAdd to cart",,False,28,,,https://m.media-amazon.com/images/I/51S-rPLrBNL._AC_UL320_.jpg,kitchen organizer,2026-10-01T13:20:03.125501+00:00
173,amazon,"No Drill Bathroom Corner Shelf Organizer | Wall Mounted Plastic Corner Rack for Bathroom & Kitchen | 2-Tier Shelves with 4 Hooks | Rustproof, Heavy Duty Storage | White (Set of 2)",B0GDFPJ844,https://www.amazon.in/dp/B0GDFPJ844,299.0,699.0,57.2,,142.0,,2.0,native_badge,high,True,"No Drill Bathroom Corner Shelf Organizer | Wall Mounted Plastic Corner Rack for Bathroom & Kitchen | 2-Tier Shelves with 4 Hooks | Rustproof, Heavy Duty Storage | White (Set of 2) 3.53.5 out of 5 stars (142)  200+ bought in past monthLimited time dealPrice, product page₹299₹299 M.R.P: ₹699M.R.P: ₹699₹699 (57% off)Up to 5% back with Amazon Pay ICICI cardUp to 5% back with Amazon Pay ICI...FREE delivery Sat, 3 OctOr fastest delivery Tomorrow 6 am - 10 amService: InstallationAdd to cart",,False,29,,,https://m.media-amazon.com/images/I/619TQLgAySL._AC_UL320_.jpg,kitchen organizer,2026-10-01T13:20:03.126012+00:00
174,amazon,INOVERA (LABEL) 8 Pieces Cutlery Tray For Kitchen Utensils Drawers - Interlocking Drawer Desk Organizer - Plastic Divider Trays (White),B0DHGX5GT4,https://www.amazon.in/dp/B0DHGX5GT4,349.0,1199.0,70.9,,2600.0,,8.0,native_badge,high,True,"INOVERA (LABEL) 8 Pieces Cutlery Tray For Kitchen Utensils Drawers - Interlocking Drawer Desk Organizer - Plastic Divider Trays (White) 4.14.1 out of 5 stars (2.6K)  50+ bought in past monthPrice, product page₹349₹349 M.R.P: ₹1,199M.R.P: ₹1,199₹1,199 (71% off)Up to 5% back with Amazon Pay ICICI cardUp to 5% back with Amazon Pay ICI...FREE delivery Sun, 4 OctOr fastest delivery Tomorrow 6 am - 10 amAdd to cart",5615.0,False,30,,,https://m.media-amazon.com/images/I/51cSrvb6tSL._AC_UL320_.jpg,kitchen organizer,2026-10-01T13:20:03.126504+00:00
175,amazon,"Niyara Iron Metal Heavy Duty Stand Multistorage/Multipurpose Standing Rack, Bathroom Countertop Storage Shelf Cosmetic Organizer Holder Kitchen Spice Rack (Tawa stand)",B0F3NGTJYB,https://www.amazon.in/dp/B0F3NGTJYB,599.0,999.0,40.0,,188.0,,,relative_only,none,False,"Niyara Iron Metal Heavy Duty Stand Multistorage/Multipurpose Standing Rack, Bathroom Countertop Storage Shelf Cosmetic Organizer Holder Kitchen Spice Rack (Tawa stand) 3.43.4 out of 5 stars (188)  300+ bought in past monthPrice, product page₹599₹599 M.R.P: ₹999M.R.P: ₹999₹999 (40% off)Up to 5% back with Amazon Pay ICICI cardUp to 5% back with Amazon Pay ICI...FREE delivery Tue, 6 OctAdd to cart",,False,31,,,https://m.media-amazon.com/images/I/71tAkL+jPLL._AC_UL320_.jpg,kitchen organizer,2026-10-01T13:20:03.126966+00:00
176,amazon,"WOOD ART STORE 2-Tier Rustic Wood Shelf Organizer For Bathroom Kitchen – Countertop Display Rack for Kitchen, Bathroom, Makeup, Perfume, Spices | Tiered Wooden Stand | 30x15x10 cm (2 Tier)",B0FL7L8C72,https://www.amazon.in/dp/B0FL7L8C72,299.0,1299.0,77.0,,46.0,,,relative_only,none,False,,,False,32,,,https://m.media-amazon.com/images/I/61WG8cA0HyL._AC_UL320_.jpg,kitchen organizer,2026-10-01T13:20:03.127458+00:00
177,amazon,"Kitchen Sink Organiser with Drain Tray, Countertop Storage Rack for Dish Soap Sponge Scrubber, Metal Wire Design, Black",B0GGBVK31B,https://www.amazon.in/dp/B0GGBVK31B,319.0,699.0,54.4,,,,,relative_only,none,False,"Kitchen Sink Organiser with Drain Tray, Countertop Storage Rack for Dish Soap Sponge Scrubber, Metal Wire Design, Black 4.04.0 out of 5 stars (103)  400+ bought in past monthPrice, product page₹319₹319 M.R.P: ₹699M.R.P: ₹699₹699 (54% off)Up to 5% back with Amazon Pay ICICI cardUp to 5% back with Amazon Pay ICI...FREE delivery Tue, 6 OctOr fastest delivery Mon, 5 OctAdd to cartGet it faster  Price, product page₹329₹329 M.R.P: ₹499M.R.P: ₹499₹499 (34% off) Up to 5% back with Amazon Pay ICICI cardUp to 5% back with Amazon Pay ICI... FREE delivery Sat, 3 OctOr fastest delivery Tomorrow, 2 Oct",,False,33,,,https://m.media-amazon.com/images/I/71lpQl4BJPL._AC_UL320_.jpg,kitchen organizer,2026-10-01T13:20:03.127884+00:00
178,amazon,"Eightiz (Pack of 4 Fridge Storage Containers Plastic Boxes with Airtight Lids,Freezer Safe,Refrigerator Organizer for Vegetables, Fruits, Kitchen organization accessories (700 ml,Transparent)",B0FHJ4V521,https://www.amazon.in/dp/B0FHJ4V521,208.0,,,,113.0,,4.0,native_badge,high,True,"Eightiz (Pack of 4 Fridge Storage Containers Plastic Boxes with Airtight Lids,Freezer Safe,Refrigerator Organizer for Vegetables, Fruits, Kitchen organization accessories (700 ml,Transparent) 4.04.0 out of 5 stars (113)  200+ bought in past monthSale Price LivePrice, product page₹208₹208 (₹52₹52/count) M.R.P: ₹449M.R.P: ₹449₹449 (54% off)Up to 5% back with Amazon Pay ICICI cardUp to 5% back with Amazon Pay ICI...FREE delivery Sat, 3 OctOr fastest delivery Tomorrow 6 am - 10 amAdd to cart",,False,34,,,https://m.media-amazon.com/images/I/81kc86wij0L._AC_UL320_.jpg,kitchen organizer,2026-10-01T13:20:03.128263+00:00
179,amazon,"Kuber Industries Plastic 2 Tier Dish Drainer Rack | Kitchen Vessels Storage Rack | Bartan Stand | Drainer Drying Rack Washing Basket with Tray | Kitchen Utensils Organizer | Black & White, 47 x 29 x 28 cm",B0DSVR8FYD,https://www.amazon.in/dp/B0DSVR8FYD,446.0,1888.0,76.4,,766.0,,2.0,native_badge,high,True,"Kuber Industries Plastic 2 Tier Dish Drainer Rack | Kitchen Vessels Storage Rack | Bartan Stand | Drainer Drying Rack Washing Basket with Tray | Kitchen Utensils Organizer | Black & White, 47 x 29 x 28 cm 4.04.0 out of 5 stars (766)  200+ bought in past monthSale Price LivePrice, product page₹446₹446 M.R.P: ₹1,888M.R.P: ₹1,888₹1,888 (76% off)Up to 5% back with Amazon Pay ICICI cardUp to 5% back with Amazon Pay ICI...FREE delivery Mon, 5 OctOr fastest delivery Sun, 4 OctAdd to cart",,False,35,,,https://m.media-amazon.com/images/I/81jrKFbQs-L._AC_UL320_.jpg,kitchen organizer,2026-10-01T13:20:03.128802+00:00
180,amazon,"Cutlery Holder for dining table with Spoon, Fork and Knife Compartments, Wood Base organizer self draining",B0DFVKTCSY,https://www.amazon.in/dp/B0DFVKTCSY,470.0,1099.0,57.2,,329.0,,,relative_only,none,False,"Cutlery Holder for dining table with Spoon, Fork and Knife Compartments, Wood Base organizer self draining 4.14.1 out of 5 stars (329)  100+ bought in past monthSale Price LivePrice, product page₹470₹470 M.R.P: ₹1,099M.R.P: ₹1,099₹1,099 (57% off)Up to 5% back with Amazon Pay ICICI cardUp to 5% back with Amazon Pay ICI...FREE delivery Sat, 3 OctOr fastest delivery Tomorrow 6 am - 10 amAdd to cart",,False,36,,,https://m.media-amazon.com/images/I/61L1b0QuF7L._AC_UL320_.jpg,kitchen organizer,2026-10-01T13:20:03.129444+00:00
181,amazon,"Shuttle Art Drawer Organiser - Drawers Organiser System Drawer Inserts Storage Boxes for Office, Kitchen, Bathroom, Desk, Cosmetics Dressing Table (8 Pcs Tray,Black)",B0D6RSJSRG,https://www.amazon.in/dp/B0D6RSJSRG,269.0,499.0,46.1,,165.0,,,relative_only,none,False,"Shuttle Art Drawer Organiser - Drawers Organiser System Drawer Inserts Storage Boxes for Office, Kitchen, Bathroom, Desk, Cosmetics Dressing Table (8 Pcs Tray,Black) 4.34.3 out of 5 stars (165)  200+ bought in past monthPrice, product page₹269₹269 M.R.P: ₹499M.R.P: ₹499₹499 (46% off)Up to 5% back with Amazon Pay ICICI cardUp to 5% back with Amazon Pay ICI...FREE delivery Sat, 3 OctOr fastest delivery Tomorrow 6 am - 10 amAdd to cart",,False,37,,,https://m.media-amazon.com/images/I/61d4NXBBGTL._AC_UL320_.jpg,kitchen organizer,2026-10-01T13:20:03.130221+00:00
182,amazon,"MILTON Steel Seal 500 Plastic Storage Jar and Container Set of 6, 490ml each, Airtight Steel Lid & BPA Free Containers with Spoon For Kitchen Storage, Grocery Organising, Multipurpose Modular, Clear",B0D982SKLS,https://www.amazon.in/dp/B0D982SKLS,649.0,,,,344.0,,500.0,native_badge,high,True,"MILTON Steel Seal 500 Plastic Storage Jar and Container Set of 6, 490ml each, Airtight Steel Lid & BPA Free Containers with Spoon For Kitchen Storage, Grocery Organising, Multipurpose Modular, Clear 4.44.4 out of 5 stars (344)  300+ bought in past monthPrice, product page₹649₹649 (₹108.17₹108.17/count) M.R.P: ₹750M.R.P: ₹750₹750 (13% off)Up to 5% back with Amazon Pay ICICI cardUp to 5% back with Amazon Pay ICI...FREE delivery Sat, 3 OctOr fastest delivery Tomorrow 6 am - 10 amAdd to cart",8424.0,False,38,,,https://m.media-amazon.com/images/I/71XLxOjbo4L._AC_UL320_.jpg,kitchen organizer,2026-10-01T13:20:03.130810+00:00
183,amazon,Plantex Stainless Steel 304 Bathroom Shelf for Wall/Bathroom Racks and Shelves/Bathroom Organizer & Accessories/Kitchen Rack/Kitchen Shelves- Pack of 2 (15X5 Inches-Chrome Finish),B0CR1DVMN8,https://www.amazon.in/dp/B0CR1DVMN8,1579.0,4340.0,63.6,,614.0,,304.0,native_badge,high,True,"Plantex Stainless Steel 304 Bathroom Shelf for Wall/Bathroom Racks and Shelves/Bathroom Organizer & Accessories/Kitchen Rack/Kitchen Shelves- Pack of 2 (15X5 Inches-Chrome Finish) 4.14.1 out of 5 stars (614)  100+ bought in past monthLimited time dealPrice, product page₹1,579₹1,579 M.R.P: ₹4,340M.R.P: ₹4,340₹4,340 (64% off)Up to 5% back with Amazon Pay ICICI cardUp to 5% back with Amazon Pay ICI...FREE delivery Sat, 3 OctOr fastest delivery Tomorrow 6 am - 10 amService: InstallationSee options",1904.0,False,39,,,https://m.media-amazon.com/images/I/71TLP3xnUFL._AC_UL320_.jpg,kitchen organizer,2026-10-01T13:20:03.131337+00:00
184,amazon,"Magnetic Fridge Side Storage Rack, Spice Rack for Refrigerator Shelf",B09KHGDLDM,https://www.amazon.in/dp/B09KHGDLDM,686.0,1299.0,47.2,,1700.0,,,relative_only,none,False,"Magnetic Fridge Side Storage Rack, Spice Rack for Refrigerator Shelf Magnetic Movable4.44.4 out of 5 stars (1.7K)  200+ bought in past monthPrice, product page₹686₹686 M.R.P: ₹1,299M.R.P: ₹1,299₹1,299 (47% off)Up to 5% back with Amazon Pay ICICI cardUp to 5% back with Amazon Pay ICI...FREE delivery Mon, 5 OctOr fastest delivery Sun, 4 OctAdd to cart",,False,40,,,https://m.media-amazon.com/images/I/81CSEamr+DL._AC_UL320_.jpg,kitchen organizer,2026-10-01T13:20:03.131759+00:00
185,amazon,"Oslen (Pack of 2 Self-Adhesive Multipurpose Bathroom Rack, Bathroom Shelf Organizer, Wall Mounted Shelf,Bathroom Accessories Set for Home,Bathroom Shelves (Black)",B0DY4HGQZJ,https://www.amazon.in/dp/B0DY4HGQZJ,299.0,789.0,62.1,,697.0,,2.0,native_badge,high,True,"Oslen (Pack of 2 Self-Adhesive Multipurpose Bathroom Rack, Bathroom Shelf Organizer, Wall Mounted Shelf,Bathroom Accessories Set for Home,Bathroom Shelves (Black) 4.14.1 out of 5 stars (697)  2K+ bought in past monthPrice, product page₹299₹299 M.R.P: ₹789M.R.P: ₹789₹789 (62% off)Up to 5% back with Amazon Pay ICICI cardUp to 5% back with Amazon Pay ICI...FREE delivery Sat, 3 OctOr fastest delivery Tomorrow 6 am - 10 amService: InstallationAdd to cart",,False,41,,,https://m.media-amazon.com/images/I/61wc7K3+oKL._AC_UL320_.jpg,kitchen organizer,2026-10-01T13:20:03.132182+00:00
186,amazon,WOOD ART STORE Wooden Cutlery Holder For Home Kitchen Dining Table and Resturant | Multipurpose storage Counter Top Caddy | Spoon Fork Knife Napkin Stand (2 Campartment),B0D54HB6GN,https://www.amazon.in/dp/B0D54HB6GN,211.0,1299.0,83.8,,192.0,,2.0,native_badge,high,True,"WOOD ART STORE Wooden Cutlery Holder For Home Kitchen Dining Table and Resturant | Multipurpose storage Counter Top Caddy | Spoon Fork Knife Napkin Stand (2 Campartment) 4.44.4 out of 5 stars (192)  400+ bought in past monthSale Price LivePrice, product page₹211₹211 M.R.P: ₹1,299M.R.P: ₹1,299₹1,299 (84% off)Up to 5% back with Amazon Pay ICICI cardUp to 5% back with Amazon Pay ICI...FREE delivery Sat, 3 OctOr fastest delivery Tomorrow 6 am - 10 amAdd to cart",,False,42,,,https://m.media-amazon.com/images/I/71p3xNA7F9L._AC_UL320_.jpg,kitchen organizer,2026-10-01T13:20:03.132578+00:00
187,amazon,"Clazkit Plastic Cutlery Holder for Kitchen Counter | Rust-Resistant Spoon, Fork & Knife Organizer | Multipurpose Utensil Storage Basket | Black",B0H8XR3RJ2,https://www.amazon.in/dp/B0H8XR3RJ2,190.99,399.0,52.1,,17.0,,,relative_only,none,False,,,False,43,,,https://m.media-amazon.com/images/I/61L16nYiJ2L._AC_UL320_.jpg,kitchen organizer,2026-10-01T13:20:03.132959+00:00
188,amazon,Beddify Set of 9 Reusable Fridge Storage Bags for Vegetables and Fruits with Zipper Dual Layer Mesh Net Multipurpose Multi-Size Kitchen Storage Bags Organizer (White),B08W28GS26,https://www.amazon.in/dp/B08W28GS26,248.0,,,,14900.0,,9.0,native_badge,high,True,"Beddify Set of 9 Reusable Fridge Storage Bags for Vegetables and Fruits with Zipper Dual Layer Mesh Net Multipurpose Multi-Size Kitchen Storage Bags Organizer (White) 4.24.2 out of 5 stars (14.9K)  50+ bought in past monthPrice, product page₹248₹248 (₹27.56₹27.56/count) M.R.P: ₹599M.R.P: ₹599₹599 (59% off)Up to 5% back with Amazon Pay ICICI cardUp to 5% back with Amazon Pay ICI...FREE delivery Mon, 5 OctOr fastest delivery Tomorrow, 2 OctAdd to cart",1124.0,False,44,,,https://m.media-amazon.com/images/I/71rF-KokcSL._AC_UL320_.jpg,kitchen organizer,2026-10-01T13:20:03.133379+00:00
189,amazon,"Self Adhesive Kitchen Sink Organizer Rack | Wall Mounted Sponge Holder Basket for Detergent Bottle, Scrubber & Brush | Rustproof Steel Storage Rack for Bathroom & Kitchen Use",B0FY3QMST3,https://www.amazon.in/dp/B0FY3QMST3,229.0,999.0,77.1,,72.0,,4.0,native_badge,high,True,"+4 other colors/patternsSelf Adhesive Kitchen Sink Organizer Rack | Wall Mounted Sponge Holder Basket for Detergent Bottle, Scrubber & Brush | Rustproof Steel Storage Rack for Bathroom & Kitchen Use 3.53.5 out of 5 stars (72)  100+ bought in past monthLimited time dealPrice, product page₹229₹229 M.R.P: ₹999M.R.P: ₹999₹999 (77% off)Up to 5% back with Amazon Pay ICICI cardUp to 5% back with Amazon Pay ICI...FREE delivery Sat, 3 OctOr fastest delivery Tomorrow 6 am - 10 amAdd to cart",,False,45,,,https://m.media-amazon.com/images/I/61f6xFLQoVL._AC_UL320_.jpg,kitchen organizer,2026-10-01T13:20:03.133768+00:00
190,amazon,"The Sr Brand (pack of 6) Multipurpose Unbreakable Plastic Transparent Storage Containers for Kitchen Airtight Masala Box Dabba Spice, Cereal, Dry Fruits Spice Box 250 Ml Round with Spoons",B0CKBLYV9K,https://www.amazon.in/dp/B0CKBLYV9K,189.0,399.0,52.6,,1200.0,,6.0,native_badge,high,True,"The Sr Brand (pack of 6) Multipurpose Unbreakable Plastic Transparent Storage Containers for Kitchen Airtight Masala Box Dabba Spice, Cereal, Dry Fruits Spice Box 250 Ml Round with Spoons 4.24.2 out of 5 stars (1.2K)  900+ bought in past monthSale Price LivePrice, product page₹189₹189 M.R.P: ₹399M.R.P: ₹399₹399 (53% off)Up to 5% back with Amazon Pay ICICI cardUp to 5% back with Amazon Pay ICI...FREE delivery Sat, 3 OctOr fastest delivery Tomorrow 6 am - 10 amAdd to cart",,False,46,,,https://m.media-amazon.com/images/I/71h2dmG5yFL._AC_UL320_.jpg,kitchen organizer,2026-10-01T13:20:03.134097+00:00
191,amazon,Plantex Stainless Steel Bathroom Shelf Rack/Bathroom Organizer/Wall Shelf for Bathroom Accessories Set/Kitchen Stand/Kitchen Shelves & Racks-(Chrome 18x5 Inches),B07QH7BDCS,https://www.amazon.in/dp/B07QH7BDCS,759.0,1890.0,59.8,,3300.0,,18.0,native_badge,high,True,"Plantex Stainless Steel Bathroom Shelf Rack/Bathroom Organizer/Wall Shelf for Bathroom Accessories Set/Kitchen Stand/Kitchen Shelves & Racks-(Chrome 18x5 Inches) 4.04.0 out of 5 stars (3.3K)  200+ bought in past monthLimited time dealPrice, product page₹759₹759 M.R.P: ₹1,890M.R.P: ₹1,890₹1,890 (60% off)Up to 5% back with Amazon Pay ICICI cardUp to 5% back with Amazon Pay ICI...FREE delivery Sat, 3 OctOr fastest delivery Tomorrow 6 am - 10 amService: InstallationSee options",361.0,False,47,,,https://m.media-amazon.com/images/I/71Ktmymg65L._AC_UL320_.jpg,kitchen organizer,2026-10-01T13:20:03.134388+00:00
192,amazon,Clazkit Set Of 6 Reusable Fridge Storage Bags For Vegetables and Fruits Dual Layer Mesh Net Multipurpose Multi-Size Kitchen Storage Bags Organizer with Sturdy Zipper,B0DBLB2C69,https://www.amazon.in/dp/B0DBLB2C69,108.0,,,,493.0,,6.0,native_badge,high,True,"Clazkit Set Of 6 Reusable Fridge Storage Bags For Vegetables and Fruits Dual Layer Mesh Net Multipurpose Multi-Size Kitchen Storage Bags Organizer with Sturdy Zipper 4.04.0 out of 5 stars (493)  400+ bought in past monthPrice, product page₹108₹108 (₹18₹18/count) M.R.P: ₹149M.R.P: ₹149₹149 (28% off)Up to 5% back with Amazon Pay ICICI cardUp to 5% back with Amazon Pay ICI...FREE delivery Sat, 3 OctOr fastest delivery Tomorrow 6 am - 10 amAdd to cart",,False,48,,,https://m.media-amazon.com/images/I/51CO1RFmYCL._AC_UL320_.jpg,kitchen organizer,2026-10-01T13:20:03.134876+00:00
193,flipkart,PRANSHI ENTERPRISE Utensil Kitchen Rack Iron Sink Draining Rack Metal Kitchen Organizer with Towel Holder & Hooks,KRKHG2EGMDW5ZNGF,https://www.flipkart.com/pranshi-enterprise-utensil-kitchen-rack-iron-sink-draining-metal-organizer-towel-holder-hooks/p/itm58b2566d9a835?pid=KRKHG2EGMDW5ZNGF,190.0,99980.0,99.8,3.7,,,,relative_only,none,False,,,False,1,,,,kitchen organizer,2026-10-01T13:19:28.453616+00:00
194,flipkart,Dailora 5+1 Layer Kitchen Metal Storage Organizer Onion Rack with Wheels Round Shape Carbon Steel Kitchen Trolley,KTRHHZGNMRKU3H6H,https://www.flipkart.com/dailora-5-1-layer-kitchen-metal-storage-organizer-onion-rack-wheels-round-shape-carbon-steel-trolley/p/itmdd4200e4651d1?pid=KTRHHZGNMRKU3H6H,2599.0,299913.0,99.1,3.7,,,,relative_only,none,False,,,False,2,,,,kitchen organizer,2026-10-01T13:19:28.453906+00:00
195,flipkart,Bestseller,CDSGYZZ8BSDQYNBR,https://www.flipkart.com/kitchenify-spice-set-stainless-steel/p/itmc27d9a166e29a?pid=CDSGYZZ8BSDQYNBR,182.0,84978.0,99.8,3.9,,,,relative_only,none,False,,,False,3,,,,kitchen organizer,2026-10-01T13:19:28.454042+00:00
196,flipkart,Bestseller,KRKH9NEDJBNYVSMK,https://www.flipkart.com/woodsywoders-containers-kitchen-rack-wood-premium-3-tier-organizer-beauty-product/p/itm18c34960ac55e?pid=KRKH9NEDJBNYVSMK,416.0,99958.0,99.6,,,,,relative_only,none,False,,,False,4,,,,kitchen organizer,2026-10-01T13:19:28.454168+00:00
197,flipkart,LIXERA Containers Kitchen Rack Wood Wooden 3 Tier Kitchen Organizer Rack for Countertop,KRKHNQ7YZ5NZT2ZC,https://www.flipkart.com/lixera-containers-kitchen-rack-wood-wooden-3-tier-organizer-countertop/p/itmf4fa08a406290?pid=KRKHNQ7YZ5NZT2ZC,239.0,79970.0,99.7,3.6,,,,relative_only,none,False,,,False,5,,,,kitchen organizer,2026-10-01T13:19:28.454327+00:00
198,flipkart,Dailora 3+1 Layer Kitchen Metal Storage Organizer Onion Rack with Wheels Round Shape Carbon Steel Kitchen Trolley,KTRHHZGNZJ9GGCGK,https://www.flipkart.com/dailora-3-1-layer-kitchen-metal-storage-organizer-onion-rack-wheels-round-shape-carbon-steel-trolley/p/itm5f529be255c86?pid=KTRHHZGNZJ9GGCGK,1799.0,229921.0,99.2,3.7,,,,relative_only,none,False,,,False,6,,,,kitchen organizer,2026-10-01T13:19:28.454474+00:00
199,flipkart,FORCASA Utensil Kitchen Rack Carbon Steel Utensil Kitchen organizer Rack Steel utensil hanger for Wall with 11 Hooks,KRKHAYF55HTGNYKH,https://www.flipkart.com/forcasa-utensil-kitchen-rack-carbon-steel-organizer-hanger-wall-11-hooks/p/itm2f83cf8da9b02?pid=KRKHAYF55HTGNYKH,111.0,59981.0,99.8,4.1,,,,relative_only,none,False,,,False,7,,,,kitchen organizer,2026-10-01T13:19:28.454614+00:00
200,flipkart,Maaz 3 Tier Kitchen Trolley with Wheels Metal Fruit & Vegetable Storage Organizer Iron Kitchen Trolley,KTRHGS8FAAHUSYJG,https://www.flipkart.com/maaz-3-tier-kitchen-trolley-wheels-metal-fruit-vegetable-storage-organizer-iron/p/itm89a991eead9e5?pid=KTRHGS8FAAHUSYJG,869.0,499982.0,99.8,3.7,,,,relative_only,none,False,,,False,8,,,,kitchen organizer,2026-10-01T13:19:28.454815+00:00
201,flipkart,CrystalCraftss Containers Kitchen Rack Iron Premium 2-Tier Multipurpose Metal Storage Rack Organizer - Black,KRKHMQK3YP2R6B2M,https://www.flipkart.com/crystalcraftss-containers-kitchen-rack-iron-premium-2-tier-multipurpose-metal-storage-organizer-black/p/itm77ef185fb2eb3?pid=KRKHMQK3YP2R6B2M,261.0,249989.0,99.9,,,,,relative_only,none,False,,,False,9,,,,kitchen organizer,2026-10-01T13:19:28.454958+00:00
202,flipkart,"Yookeer Containers Kitchen Rack Wood, Steel kitchen organiser, kitchen stand, kitchen rack organizer",KRKHHY49UGAF3JZF,https://www.flipkart.com/yookeer-containers-kitchen-rack-wood-steel-organiser-stand-organizer/p/itmfbd05714e468b?pid=KRKHHY49UGAF3JZF,282.0,99971.0,99.7,4.2,,,,relative_only,none,False,,,False,10,,,,kitchen organizer,2026-10-01T13:19:28.455097+00:00
203,flipkart,JIGSHTIAL Plastic Egg Container - 2 dozen,CNTGK9V2YBZMJTAN,https://www.flipkart.com/jigshtial-plastic-egg-container-2-dozen/p/itm68ced0f08fd15?pid=CNTGK9V2YBZMJTAN,197.0,59967.0,99.7,4.3,,,,relative_only,none,False,,,False,11,,,,kitchen organizer,2026-10-01T13:19:28.455234+00:00
204,flipkart,fastro Spice Set Steel,CDSGTWJP5XTHSZJE,https://www.flipkart.com/fastro-spice-set-steel/p/itm4d26059f3fafd?pid=CDSGTWJP5XTHSZJE,250.0,69964.0,99.6,,,,,relative_only,none,False,,,False,12,,,,kitchen organizer,2026-10-01T13:19:28.455348+00:00
205,flipkart,"MBCARE Utensil Kitchen Rack Steel Rustproof Multipurpose Shelves Organizer Storage Shelf for Kitchen Cabinet, Two-",KRKGBFNM8G8GSHSJ,https://www.flipkart.com/mbcare-utensil-kitchen-rack-steel-rustproof-multipurpose-shelves-organizer-storage-shelf-cabinet-two/p/itm317f4eeb0adcc?pid=KRKGBFNM8G8GSHSJ,187.0,119984.0,99.8,,,,,relative_only,none,False,,,False,13,,,,kitchen organizer,2026-10-01T13:19:28.455455+00:00
206,flipkart,Vumiraa Dish Drainer Kitchen Rack Plastic Self Adhesive Bathroom Shelf for Wall Shelf Organizer,KRKHGRDFH6ZXSD6S,https://www.flipkart.com/vumiraa-dish-drainer-kitchen-rack-plastic-self-adhesive-bathroom-shelf-wall-organizer/p/itm3167cd5dfc406?pid=KRKHGRDFH6ZXSD6S,176.0,79977.0,99.8,3.7,,,,relative_only,none,False,,,False,14,,,,kitchen organizer,2026-10-01T13:19:28.455559+00:00
207,flipkart,Mataiva Plastic Fridge Container - 1500 ml,CNTGHYBPZSKWGWZR,https://www.flipkart.com/mataiva-plastic-fridge-container-1500-ml/p/itm1c138c74bad25?pid=CNTGHYBPZSKWGWZR,300.0,129976.0,99.8,4.2,,,,relative_only,none,False,,,False,15,,,,kitchen organizer,2026-10-01T13:19:28.455706+00:00
208,flipkart,BHOLA STEEL Cutlery Kitchen Rack Steel 3 Tier Shelves Organizer,KRKH26MQY62MFNXY,https://www.flipkart.com/bhola-steel-cutlery-kitchen-rack-3-tier-shelves-organizer/p/itm68b57611abd38?pid=KRKH26MQY62MFNXY,358.0,99964.0,99.6,3.8,,,,relative_only,none,False,,,False,16,,,,kitchen organizer,2026-10-01T13:19:28.455840+00:00
209,flipkart,Dailora Multi-Purpose Kitchen Storage Organizer Onion Rack with Wheels Square Shape Carbon Steel Kitchen Trolley,KTRHHWBHSZ8GDWAG,https://www.flipkart.com/dailora-multi-purpose-kitchen-storage-organizer-onion-rack-wheels-square-shape-carbon-steel-trolley/p/itm21e8e0729b7b9?pid=KTRHHWBHSZ8GDWAG,2699.0,339920.0,99.2,,,,,relative_only,none,False,,,False,17,,,,kitchen organizer,2026-10-01T13:19:28.455946+00:00
210,flipkart,Dailora 4+1 Layer Kitchen Metal Storage Organizer Onion Rack with Wheels Round Shape Carbon Steel Kitchen Trolley,KTRHHZGNDYXGDTCX,https://www.flipkart.com/dailora-4-1-layer-kitchen-metal-storage-organizer-onion-rack-wheels-round-shape-carbon-steel-trolley/p/itm4b83e45926f64?pid=KTRHHZGNDYXGDTCX,2199.0,269918.0,99.2,3.7,,,,relative_only,none,False,,,False,18,,,,kitchen organizer,2026-10-01T13:19:28.456050+00:00
211,flipkart,Quickmart Dish Drainer Kitchen Rack Plastic Multipurpose Dish Drainer Kitchen Racks with Storing Tray Kitchen Organizer Rack,KRKH3CGGECBDZ5DB,https://www.flipkart.com/quickmart-dish-drainer-kitchen-rack-plastic-multipurpose-racks-storing-tray-organizer/p/itmfb8970e68ab40?pid=KRKH3CGGECBDZ5DB,400.0,199979.0,99.8,,,,,relative_only,none,False,,,False,19,,,,kitchen organizer,2026-10-01T13:19:28.456156+00:00
212,flipkart,Zenzone Containers Kitchen Rack Carbon Steel Countertop Spice Organizer 2 Tier Metal Stand Matte Black,KRKHH2BSJDDM3DHY,https://www.flipkart.com/zenzone-containers-kitchen-rack-carbon-steel-countertop-spice-organizer-2-tier-metal-stand-matte-black/p/itm58043c0b85443?pid=KRKHH2BSJDDM3DHY,297.0,60450.0,99.5,4.1,,,,relative_only,none,False,,,False,20,,,,kitchen organizer,2026-10-01T13:19:28.456254+00:00
213,flipkart,Dailora Multi-Purpose Kitchen Storage Organizer Onion Rack with Wheels Square Shape Carbon Steel Kitchen Trolley,KTRHHWBHY9WFTGR5,https://www.flipkart.com/dailora-multi-purpose-kitchen-storage-organizer-onion-rack-wheels-square-shape-carbon-steel-trolley/p/itm2ad9cbb75cf81?pid=KTRHHWBHY9WFTGR5,2399.0,339929.0,99.3,,,,,relative_only,none,False,,,False,21,,,,kitchen organizer,2026-10-01T13:19:28.456356+00:00
214,flipkart,Dailora Multipurpose Foldable Kitchen Storage Trolley with Handle 3-Tier Utility Cart Carbon Steel Kitchen Trolley,KTRHPZW6FKG2PWCM,https://www.flipkart.com/dailora-multipurpose-foldable-kitchen-storage-trolley-handle-3-tier-utility-cart-carbon-steel/p/itmcaceab67792c1?pid=KTRHPZW6FKG2PWCM,1799.0,249928.0,99.3,,,,,relative_only,none,False,,,False,22,,,,kitchen organizer,2026-10-01T13:19:28.456458+00:00
215,flipkart,Homemet Utensil Kitchen Rack Plastic Wall Mounted Knife Holder Utensil Hanging Rack with Hooks Cutlery Organizer Rail,KRKHPKSH5G3HFEJA,https://www.flipkart.com/homemet-utensil-kitchen-rack-plastic-wall-mounted-knife-holder-hanging-hooks-cutlery-organizer-rail/p/itm20853505cb2fb?pid=KRKHPKSH5G3HFEJA,245.0,129981.0,99.8,,,,,relative_only,none,False,,,False,23,,,,kitchen organizer,2026-10-01T13:19:28.456560+00:00
216,flipkart,TOUCHWOOD ARTS Containers Kitchen Rack Wood Premium Wall Mounted Shelf for Kitchen & Home | Multipurpose Organizer Rack,KRKGGDEYQNQQXE6R,https://www.flipkart.com/touchwood-arts-containers-kitchen-rack-wood-premium-wall-mounted-shelf-home-multipurpose-organizer/p/itmfff9af5487caf?pid=KRKGGDEYQNQQXE6R,414.0,199979.0,99.8,3.9,,,,relative_only,none,False,,,False,24,,,,kitchen organizer,2026-10-01T13:19:28.456703+00:00
217,flipkart,VB WOODVERA Utensil Kitchen Rack Wood Containers Kitchen Rack Premium Rack – 3 Tier Organizer Kitchen & Beauty,KRKHHXN6NPZQJWZP,https://www.flipkart.com/vb-woodvera-utensil-kitchen-rack-wood-containers-premium-3-tier-organizer-beauty/p/itme5ae17ca2d3c9?pid=KRKHHXN6NPZQJWZP,225.0,89974.0,99.7,,,,,relative_only,none,False,,,False,25,,,,kitchen organizer,2026-10-01T13:19:28.456840+00:00
218,flipkart,"Goyal Products Chakla/Belan Kitchen Rack Steel GP stainless steel multipurpose Kitchen Plate Dish Corner Shelf Rack Stand Shelves Holder, Kitchen Tray pan Pot Utensils chakla belan Storage Cupboard Organizer for Home(25.5 * 25.5 * 22 CM)",KRKG6HAESNYGTGAD,https://www.flipkart.com/goyal-products-chakla-belan-kitchen-rack-steel-gp-stainless-multipurpose-plate-dish-corner-shelf-stand-shelves-holder-tray-pan-pot-utensils-chakla-belan-storage-cupboard-organizer-home-25-5-25-5-22-cm/p/itm0c0df53eb52ec?pid=KRKG6HAESNYGTGAD,226.0,156185.0,99.9,3.9,,,,relative_only,none,False,,,False,26,,,,kitchen organizer,2026-10-01T13:19:28.456947+00:00
219,flipkart,Nexus Lifestyle Utensil Kitchen Rack Steel FIX Kitchen Rack/Kitchen/Pantry Storage,KRKGFYGMHGYMMJ5G,https://www.flipkart.com/nexus-lifestyle-utensil-kitchen-rack-steel-fix-rack-kitchen-pantry-storage/p/itm6072d0014c02d?pid=KRKGFYGMHGYMMJ5G,300.0,219986.0,99.9,3.9,,,,relative_only,none,False,,,False,27,,,,kitchen organizer,2026-10-01T13:19:28.457051+00:00
220,flipkart,CLAPONE Cutlery Kitchen Rack Plastic Expandable Cutlery Organizer Tray Adjustable Kitchen Drawer Storage Holder,KRKHMDZYSXCCV8CH,https://www.flipkart.com/clapone-cutlery-kitchen-rack-plastic-expandable-organizer-tray-adjustable-drawer-storage-holder/p/itmc26ae8e7e4d4d?pid=KRKHMDZYSXCCV8CH,423.0,149971.0,99.7,4.1,,,,relative_only,none,False,,,False,28,,,,kitchen organizer,2026-10-01T13:19:28.457153+00:00
221,flipkart,NEXO Utensil Kitchen Rack Steel Stainless Steel Kitchen Spice Rack Modular Kitchen StorageRack Kitchen Organizer,KRKGGKKFZ9DC8CWX,https://www.flipkart.com/nexo-utensil-kitchen-rack-steel-stainless-spice-modular-storagerack-organizer/p/itmf2a88adcb68e4?pid=KRKGGKKFZ9DC8CWX,228.0,94975.0,99.8,3.9,,,,relative_only,none,False,,,False,29,,,,kitchen organizer,2026-10-01T13:19:28.457254+00:00
222,flipkart,AABRION Containers Kitchen Rack Steel Stainless Steel Sink Sponge Tap Organizer for Kitchen Faucet Shelf,KRKHZZFJVBQW8WZG,https://www.flipkart.com/aabrion-containers-kitchen-rack-steel-stainless-sink-sponge-tap-organizer-faucet-shelf/p/itmab0fb49dad727?pid=KRKHZZFJVBQW8WZG,189.0,99981.0,99.8,3.8,,,,relative_only,none,False,,,False,30,,,,kitchen organizer,2026-10-01T13:19:28.457350+00:00
223,flipkart,Dwhandicrafts Containers Kitchen Rack Wood Kitchen Rack 2 Tier Kitchen Spice Rack Organizer for Countertop Wood(white),KRKHQUBGRRWFHZPX,https://www.flipkart.com/dwhandicrafts-containers-kitchen-rack-wood-2-tier-spice-organizer-countertop-wood-white/p/itmda7ce6cd9fba5?pid=KRKHQUBGRRWFHZPX,261.0,99973.0,99.7,,,,,relative_only,none,False,,,False,31,,,,kitchen organizer,2026-10-01T13:19:28.457445+00:00
224,flipkart,VM BOND Fruits/Vegetables Kitchen Rack Plastic 360° Rotating Organizer Tray ( Combo - 2 Pic ) Lazy Rack Kitchen Rack,KRKGERDSZBCXYDHT,https://www.flipkart.com/vm-bond-fruits-vegetables-kitchen-rack-plastic-360-rotating-organizer-tray-combo-2-pic-lazy/p/itm25e19ec446254?pid=KRKGERDSZBCXYDHT,188.0,99981.0,99.8,4.1,,,,relative_only,none,False,,,False,32,,,,kitchen organizer,2026-10-01T13:19:28.457548+00:00
225,flipkart,"CSM Containers Kitchen Rack Iron Over Door Hanging Basket | Hanging Cabinet Storage Organizer For Kitchen, Bathroom (Black, Metal) Set of 2 Baskets.",KRKFZDN5GBFGZJVZ,https://www.flipkart.com/csm-containers-kitchen-rack-iron-over-door-hanging-basket-cabinet-storage-organizer-kitchen-bathroom-black-metal-set-2-baskets/p/itmbff2df8302b6b?pid=KRKFZDN5GBFGZJVZ,286.0,109973.0,99.7,4.2,,,,relative_only,none,False,,,False,33,,,,kitchen organizer,2026-10-01T13:19:28.457650+00:00
226,flipkart,"CRAFTSHOUSE Containers Kitchen Rack Iron Modern Black Metal Kitchen Organizer Serving Tray Spice,Oil,Bottle Storage Rack",KRKHMRSH7ZK9YW7H,https://www.flipkart.com/craftshouse-containers-kitchen-rack-iron-modern-black-metal-organizer-serving-tray-spice-oil-bottle-storage/p/itmc3f65d72a9549?pid=KRKHMRSH7ZK9YW7H,364.0,149975.0,99.8,4.2,,,,relative_only,none,False,,,False,34,,,,kitchen organizer,2026-10-01T13:19:28.457826+00:00
227,flipkart,HouseOfCommon Spice Set Stainless Steel,CDSH44AVCHA7XRJH,https://www.flipkart.com/houseofcommon-spice-set-stainless-steel/p/itmacfb8096aa8ca?pid=CDSH44AVCHA7XRJH,192.0,79975.0,99.8,3.7,,,,relative_only,none,False,,,False,35,,,,kitchen organizer,2026-10-01T13:19:28.457925+00:00
228,flipkart,PEXMON Iron Utility Container - 10 kg,CNTH8MF2FT5T6TCN,https://www.flipkart.com/pexmon-iron-utility-container-10-kg/p/itme26e6479efd3e?pid=CNTH8MF2FT5T6TCN,243.0,119979.0,99.8,4.2,,,,relative_only,none,False,,,False,36,,,,kitchen organizer,2026-10-01T13:19:28.458025+00:00
229,flipkart,Elexoin Plate Kitchen Rack Plastic 2 Layer Slim Side Space Saving Storage Organizer Rack Shelf with Wheels for Kitchen Bathroom Bedroom (2 Layer),KRKFVAGYJDRH4KE5,https://www.flipkart.com/elexoin-plate-kitchen-rack-plastic-2-layer-slim-side-space-saving-storage-organizer-shelf-wheels-bathroom-bedroom-2-layer/p/itmc29d8718a7dd3?pid=KRKFVAGYJDRH4KE5,295.0,99970.0,99.7,3.9,,,,relative_only,none,False,,,False,37,,,,kitchen organizer,2026-10-01T13:19:28.458129+00:00
230,flipkart,wintrezza Fruits/Vegetables Kitchen Rack Plastic Multipurpose Storage Organizer 4 LAYER,KRKHPFYABX4D82SF,https://www.flipkart.com/wintrezza-fruits-vegetables-kitchen-rack-plastic-multipurpose-storage-organizer-4-layer/p/itmfabb8fcf38de7?pid=KRKHPFYABX4D82SF,358.0,99964.0,99.6,4.1,,,,relative_only,none,False,,,False,38,,,,kitchen organizer,2026-10-01T13:19:28.458229+00:00
231,flipkart,"JAZZYENTERPRISE Dish Drainer Kitchen Rack Plastic, Steel Kitchen Sink Organizer Rack with Drain Tray & Towel Holder",KRKHMUQQGC6PE2NC,https://www.flipkart.com/jazzyenterprise-dish-drainer-kitchen-rack-plastic-steel-sink-organizer-drain-tray-towel-holder/p/itm1b7c63c2c9f91?pid=KRKHMUQQGC6PE2NC,183.0,59969.0,99.7,4.3,,,,relative_only,none,False,,,False,39,,,,kitchen organizer,2026-10-01T13:19:28.458329+00:00
232,flipkart,SBValueMart Dish Drainer Kitchen Rack Steel Rustproof Metal Kitchen Sink Organizer Rack with Auto-Drain Tray,KRKHFF9WZ2ZSKACC,https://www.flipkart.com/sbvaluemart-dish-drainer-kitchen-rack-steel-rustproof-metal-sink-organizer-auto-drain-tray/p/itm202031d1e1465?pid=KRKHFF9WZ2ZSKACC,179.0,129986.0,99.9,3.8,,,,relative_only,none,False,,,False,40,,,,kitchen organizer,2026-10-01T13:19:28.458428+00:00
233,flipkart,"RUSHIL WERE Fruits/Vegetables Kitchen Rack Plastic Plastic Multipurpose Desk Organizer Tray Office, Storage Basket",KRKGSNFBC2QW8CQP,https://www.flipkart.com/rushil-were-fruits-vegetables-kitchen-rack-plastic-multipurpose-desk-organizer-tray-office-storage-basket/p/itm878f77c72c05d?pid=KRKGSNFBC2QW8CQP,169.0,59971.0,99.7,,,,,relative_only,none,False,,,False,3,,,,kitchen organizer,2026-10-01T13:19:37.329573+00:00
234,flipkart,Dwhandicrafts Containers Kitchen Rack Wood 2 Tier Wooden Tabletop Book Rack Desk Organizer Shelf,KRKHZDCHVCYC53HN,https://www.flipkart.com/dwhandicrafts-containers-kitchen-rack-wood-2-tier-wooden-tabletop-book-desk-organizer-shelf/p/itm12702f815097d?pid=KRKHZDCHVCYC53HN,270.0,99972.0,99.7,4.1,,,,relative_only,none,False,,,False,4,,,,kitchen organizer,2026-10-01T13:19:37.329683+00:00
235,flipkart,SARAZA Slim 4-Layer Rolling Storag Rack Kitchen Storage Organizer Trolley Plastic Plastic Kitchen Trolley,KTRHKQ2ZRVS3RDXP,https://www.flipkart.com/saraza-slim-4-layer-rolling-storag-rack-kitchen-storage-organizer-trolley-plastic/p/itmfe695ff99cb72?pid=KTRHKQ2ZRVS3RDXP,298.0,129977.0,99.8,3.8,,,,relative_only,none,False,,,False,5,,,,kitchen organizer,2026-10-01T13:19:37.329785+00:00
236,flipkart,S-B-S Store Utensil Kitchen Rack Steel 3-Tier Spice Rack Organizer Counter for Bathroom Kitchen Foldable ( Black ),KRKGRYPFSEZAGDG8,https://www.flipkart.com/s-b-s-store-utensil-kitchen-rack-steel-3-tier-spice-organizer-counter-bathroom-foldable-black/p/itmc75f8fdddd218?pid=KRKGRYPFSEZAGDG8,558.0,179968.0,99.7,4.2,,,,relative_only,none,False,,,False,6,,,,kitchen organizer,2026-10-01T13:19:37.329886+00:00
237,flipkart,Smartslide Utensil Kitchen Rack Steel Modular Kitchen Basket (15X20 Inch - Set of 3) Kitchen Accessories,KRKGDAPBYZSJB9GH,https://www.flipkart.com/smartslide-utensil-kitchen-rack-steel-modular-basket-15x20-inch-set-3-accessories/p/itm838fe3668e2f5?pid=KRKGDAPBYZSJB9GH,2131.0,644966.0,99.7,4.4,,,,relative_only,none,False,,,False,9,,,,kitchen organizer,2026-10-01T13:19:37.330195+00:00
238,flipkart,"SHAMRUG ENTERPRISE Fruits/Vegetables Kitchen Rack Plastic Set of 4 Adjustable Refrigerator Storage Basket, Expandable Fridge Rack, Sliding Vegetable Organizer Tray Box, Freeze Space Saver Drawer (Multi Colour) Containers Kitchen Rack (Plastic)",KRKG7BCPEJZYYBZQ,https://www.flipkart.com/shamrug-enterprise-fruits-vegetables-kitchen-rack-plastic-set-4-adjustable-refrigerator-storage-basket-expandable-fridge-rack-sliding-vegetable-organizer-tray-box-freeze-space-saver-drawer-multi-colour-containers-plastic/p/itm311b19e06127c?pid=KRKG7BCPEJZYYBZQ,195.0,49960.0,99.6,3.9,,,,relative_only,none,False,,,False,10,,,,kitchen organizer,2026-10-01T13:19:37.330301+00:00
239,flipkart,Zeinwap Polyethylene Terephthalate (PET) Fridge Container - 9450 ml,CNTHQFGZPQKATXHG,https://www.flipkart.com/zeinwap-polyethylene-terephthalate-pet-fridge-container-9450-ml/p/itmf0bd7c2631cd0?pid=CNTHQFGZPQKATXHG,1279.0,199936.0,99.4,4.3,,,,relative_only,none,False,,,False,12,,,,kitchen organizer,2026-10-01T13:19:37.330505+00:00
240,flipkart,Envirich Containers Kitchen Rack Iron wooden kitchen rack organizer,KRKHGFQBCU6YTKMF,https://www.flipkart.com/envirich-containers-kitchen-rack-iron-wooden-organizer/p/itm0d600a8455f6d?pid=KRKHGFQBCU6YTKMF,235.0,89573.0,99.7,3.9,,,,relative_only,none,False,,,False,13,,,,kitchen organizer,2026-10-01T13:19:37.330609+00:00
241,flipkart,Dwhandicrafts Containers Kitchen Rack Wood spice rack organizer spice rack stand kitchen masala rack spice rack shelf,KRKHHB3U8GKHKQFM,https://www.flipkart.com/dwhandicrafts-containers-kitchen-rack-wood-spice-organizer-stand-masala-shelf/p/itm2e410b36e4d7a?pid=KRKHHB3U8GKHKQFM,251.0,99974.0,99.7,4.1,,,,relative_only,none,False,,,False,14,,,,kitchen organizer,2026-10-01T13:19:37.330711+00:00
242,flipkart,DXDT Containers Kitchen Rack Carbon Steel Steel wall mounted kitchen rack(set of 2)kitchen accessories kitchen organizers,KRKHNYEUZ3DZJ8YN,https://www.flipkart.com/dxdt-containers-kitchen-rack-carbon-steel-wall-mounted-rack-set-2-kitchen-accessories-organizers/p/itm0c2b9f170baa4?pid=KRKHNYEUZ3DZJ8YN,417.0,99858.0,99.6,4.1,,,,relative_only,none,False,,,False,15,,,,kitchen organizer,2026-10-01T13:19:37.330809+00:00
243,flipkart,PARLAK Polypropylene Milk Container - 500 ml,CNTHQ4ZQJBYGM8QZ,https://www.flipkart.com/parlak-polypropylene-milk-container-500-ml/p/itm528aa5c41c7f5?pid=CNTHQ4ZQJBYGM8QZ,165.0,29944.0,99.4,4.7,,,,relative_only,none,False,,,False,16,,,,kitchen organizer,2026-10-01T13:19:37.330909+00:00
244,flipkart,APPUCOCO Utensil Kitchen Rack Iron Pot Pan Rack Organizer,KRKFXEGAVZ3JNZWV,https://www.flipkart.com/appucoco-utensil-kitchen-rack-iron-pot-pan-organizer/p/itm9ddd6c4b4c71a?pid=KRKFXEGAVZ3JNZWV,719.0,199964.0,99.6,4.1,,,,relative_only,none,False,,,False,19,,,,kitchen organizer,2026-10-01T13:19:37.331422+00:00
245,flipkart,NEXO Iron Hanging Basket Organizer Kitchen Basket Rack Holder Containers Kitchen Rack Storage Basket,SRBGK4HB77N3QVVE,https://www.flipkart.com/nexo-iron-hanging-basket-organizer-kitchen-rack-holder-containers-storage/p/itma7ee350670a7c?pid=SRBGK4HB77N3QVVE,328.0,99967.0,99.7,4.3,,,,relative_only,none,False,,,False,20,,,,kitchen organizer,2026-10-01T13:19:37.331585+00:00
246,flipkart,Nexus Lifestyle Utensil Kitchen Rack Steel 3 Shelf 18 x 18 inch Mount Kitchen Utensils Rack/Kitchen Dish Rack/Kitchen Utensils Rack/Modern Kitchen Storage Rack/Kitchen Organizer/Utensils Rack with Plate & Cutlery Stand,KRKFZJ5FS7W2GCH3,https://www.flipkart.com/nexus-lifestyle-utensil-kitchen-rack-steel-3-shelf-18-x-inch-mount-utensils-rack-kitchen-dish-rack-modern-storage-organizer-utensils-plate-cutlery-stand/p/itme15b094588da0?pid=KRKFZJ5FS7W2GCH3,761.0,249969.0,99.7,4.1,,,,relative_only,none,False,,,False,22,,,,kitchen organizer,2026-10-01T13:19:37.332016+00:00
247,flipkart,Kombuis Kitchenware Utensil Kitchen Rack Steel Kitchen Organizer and Space Saver,KRKGSSU6DXGESZJZ,https://www.flipkart.com/kombuis-kitchenware-utensil-kitchen-rack-steel-organizer-space-saver/p/itmb1828a38b11df?pid=KRKGSSU6DXGESZJZ,189.0,59968.0,99.7,3.7,,,,relative_only,none,False,,,False,23,,,,kitchen organizer,2026-10-01T13:19:37.332342+00:00
248,flipkart,Kombuis Kitchenware Containers Kitchen Rack Iron Spice Boxes Organizer –Kitchen Rack Stand - Cosmetic Organizer,KRKH9Y5G3KB8YBFN,https://www.flipkart.com/kombuis-kitchenware-containers-kitchen-rack-iron-spice-boxes-organizer-kitchen-stand-cosmetic/p/itm3bf16abea2a42?pid=KRKH9Y5G3KB8YBFN,186.0,99981.0,99.8,3.8,,,,relative_only,none,False,,,False,24,,,,kitchen organizer,2026-10-01T13:19:37.332551+00:00
249,flipkart,Flipkart SmartBuy Stainless Steel Fridge Container - 2500 ml,CNTGRT2CU7F4SFXS,https://www.flipkart.com/flipkart-smartbuy-stainless-steel-fridge-container-2500-ml/p/itm3d0d8701a780f?pid=CNTGRT2CU7F4SFXS,209.0,79973.0,99.7,,,,,relative_only,none,False,,,False,25,,,,kitchen organizer,2026-10-01T13:19:37.332756+00:00
250,flipkart,Zenzone Cutlery Kitchen Rack Iron Heavy Duty Metal Kitchen Organizer Rack | Kitchen Organizer No Drill,KRKHZCBD2UDNYF9X,https://www.flipkart.com/zenzone-cutlery-kitchen-rack-iron-heavy-duty-metal-organizer-no-drill/p/itmf27bd97133e77?pid=KRKHZCBD2UDNYF9X,266.0,42637.0,99.4,,,,,relative_only,none,False,,,False,26,,,,kitchen organizer,2026-10-01T13:19:37.333038+00:00
251,flipkart,DM PLUS Multi-Purpose Plastic Storage Organizer 4-Layer Rack Kitchen & Office Plastic Kitchen Trolley,KTRHFBXZKZRC2HTX,https://www.flipkart.com/dm-plus-multi-purpose-plastic-storage-organizer-4-layer-rack-kitchen-office-trolley/p/itmec0129a1cfc52?pid=KTRHFBXZKZRC2HTX,286.0,129977.0,99.8,3.9,,,,relative_only,none,False,,,False,27,,,,kitchen organizer,2026-10-01T13:19:37.333295+00:00
252,flipkart,M Y Plastic Utility Container - 10 kg,CNTHJVCB7GTZA8WJ,https://www.flipkart.com/m-y-plastic-utility-container-10-kg/p/itme00b5e0c10f07?pid=CNTHJVCB7GTZA8WJ,291.0,129977.0,99.8,4.1,,,,relative_only,none,False,,,False,28,,,,kitchen organizer,2026-10-01T13:19:37.333530+00:00
253,flipkart,Zenzone Cutlery Kitchen Rack Iron Heavy Duty Metal Kitchen Organizer Rack | Kitchen Organizer No Drill,KRKHZCBD8HJBZUWD,https://www.flipkart.com/zenzone-cutlery-kitchen-rack-iron-heavy-duty-metal-organizer-no-drill/p/itmeddafc3deac80?pid=KRKHZCBD8HJBZUWD,266.0,56653.0,99.5,,,,,relative_only,none,False,,,False,29,,,,kitchen organizer,2026-10-01T13:19:37.333703+00:00
254,flipkart,Nexus Lifestyle Utensil Kitchen Rack Steel Modular Kitchen Steel Rack 24 x 24 Inches | Wall Mount Utensil & Dish Organizer,KRKHNMEZZ9F9PZEF,https://www.flipkart.com/nexus-lifestyle-utensil-kitchen-rack-steel-modular-24-x-inches-wall-mount-dish-organizer/p/itm3347590a70afd?pid=KRKHNMEZZ9F9PZEF,1000.0,199949.0,99.5,4.1,,,,relative_only,none,False,,,False,30,,,,kitchen organizer,2026-10-01T13:19:37.333929+00:00
255,flipkart,SPARTAN STEEL Containers Kitchen Rack Steel Big Size Stainless 2 Layer KitcRack|Modular Storage,CDSGQHWTVB7BYDHG,https://www.flipkart.com/spartan-steel-containers-kitchen-rack-big-size-stainless-2-layer-kitcrack-modular-storage/p/itmecd60746a06cb?pid=CDSGQHWTVB7BYDHG,258.0,99974.0,99.7,3.8,,,,relative_only,none,False,,,False,31,,,,kitchen organizer,2026-10-01T13:19:37.334089+00:00
256,flipkart,VEDIPREET Dish Drainer Kitchen Rack Steel 2-Tier Metal Kitchen Spice Organizer Rack,KRKHR9TJXPFGGJCH,https://www.flipkart.com/vedipreet-dish-drainer-kitchen-rack-steel-2-tier-metal-spice-organizer/p/itm161558367d676?pid=KRKHR9TJXPFGGJCH,291.0,99970.0,99.7,,,,,relative_only,none,False,,,False,32,,,,kitchen organizer,2026-10-01T13:19:37.334243+00:00
257,flipkart,JIGSHTIAL Plastic Egg Container - 3 dozen,CNTGTK7FDMW5SYVB,https://www.flipkart.com/jigshtial-plastic-egg-container-3-dozen/p/itm79cb82d816124?pid=CNTGTK7FDMW5SYVB,257.0,79967.0,99.7,,,,,relative_only,none,False,,,False,33,,,,kitchen organizer,2026-10-01T13:19:37.334401+00:00
258,flipkart,Shadhmann Utensil Kitchen Rack Wood Containers Kitchen Rack & Kitchen Organizer,KRKHRHY5G4GUAWJK,https://www.flipkart.com/shadhmann-utensil-kitchen-rack-wood-containers-organizer/p/itm4c7254ae730c1?pid=KRKHRHY5G4GUAWJK,378.0,99962.0,99.6,,,,,relative_only,none,False,,,False,34,,,,kitchen organizer,2026-10-01T13:19:37.334557+00:00
259,flipkart,SWAROCY Utensil Kitchen Rack Steel 2-Tier Multipurpose Storage Basket Organizer,KRKHQZNVHQZNSGWE,https://www.flipkart.com/swarocy-utensil-kitchen-rack-steel-2-tier-multipurpose-storage-basket-organizer/p/itm78f582d717aaa?pid=KRKHQZNVHQZNSGWE,705.0,219967.0,99.7,,,,,relative_only,none,False,,,False,35,,,,kitchen organizer,2026-10-01T13:19:37.334718+00:00
260,flipkart,A S ART Utensil Kitchen Rack Iron Stainless steel kitchen stand Multi-tier Durable kitchen storage solutions,KRKGZEYCZF3EYURP,https://www.flipkart.com/s-art-utensil-kitchen-rack-iron-stainless-steel-stand-multi-tier-durable-storage-solutions/p/itmc685fbd34d133?pid=KRKGZEYCZF3EYURP,298.0,159981.0,99.8,3.9,,,,relative_only,none,False,,,False,36,,,,kitchen organizer,2026-10-01T13:19:37.334880+00:00
261,flipkart,Zenzone Cutlery Kitchen Rack Iron Heavy Duty Metal Kitchen Organizer Rack | Kitchen Organizer No Drill,KRKHZCBTGHYYDHAJ,https://www.flipkart.com/zenzone-cutlery-kitchen-rack-iron-heavy-duty-metal-organizer-no-drill/p/itm94983cabcc471?pid=KRKHZCBTGHYYDHAJ,266.0,50647.0,99.5,,,,,relative_only,none,False,,,False,37,,,,kitchen organizer,2026-10-01T13:19:37.335038+00:00
262,flipkart,VM BOND Fruits/Vegetables Kitchen Rack Plastic 360° Rotating Organizer Tray Multi- Function Rotating Tray Kitchen Organizer,KRKGH7MZVDJHPX4W,https://www.flipkart.com/vm-bond-fruits-vegetables-kitchen-rack-plastic-360-rotating-organizer-tray-multi-function/p/itme52fa959a5a48?pid=KRKGH7MZVDJHPX4W,148.0,64977.0,99.8,4.1,,,,relative_only,none,False,,,False,38,,,,kitchen organizer,2026-10-01T13:19:37.335206+00:00
263,flipkart,CarvCraftDecor Containers Kitchen Rack Wood Multipurpose Kitchen Counter Organizer,KRKHP4XFHVKFY9YQ,https://www.flipkart.com/carvcraftdecor-containers-kitchen-rack-wood-multipurpose-counter-organizer/p/itm4144bcf9eaa79?pid=KRKHP4XFHVKFY9YQ,288.0,99971.0,99.7,,,,,relative_only,none,False,,,False,39,,,,kitchen organizer,2026-10-01T13:19:37.335360+00:00
264,flipkart,NIVANYA Containers Kitchen Rack Wood 3 Tier MDF Kitchen Rack Organizer – Wooden Countertop Spice Storage (DIY),KRKHKYYNEHTHXGXH,https://www.flipkart.com/nivanya-containers-kitchen-rack-wood-3-tier-mdf-organizer-wooden-countertop-spice-storage-diy/p/itm41f51ef978409?pid=KRKHKYYNEHTHXGXH,599.0,149960.0,99.6,4.3,,,,relative_only,none,False,,,False,40,,,,kitchen organizer,2026-10-01T13:19:37.335520+00:00
265,flipkart,GESCHIR Utensil Kitchen Rack Steel Advanced Kitchen Utility Freestanding Shelf Organizer,KRKHQ8YYFRJFBZAQ,https://www.flipkart.com/geschir-utensil-kitchen-rack-steel-advanced-utility-freestanding-shelf-organizer/p/itmd26d6c1140148?pid=KRKHQ8YYFRJFBZAQ,242.0,59959.0,99.6,,,,,relative_only,none,False,,,False,3,,,,kitchen organizer,2026-10-01T13:19:46.689252+00:00
266,flipkart,GESCHIR Utensil Kitchen Rack Steel Premium Kitchen Storage Extended Kitchen Organizer for Easy Access,KRKHQ8YYBTZZTYXD,https://www.flipkart.com/geschir-utensil-kitchen-rack-steel-premium-storage-extended-organizer-easy-access/p/itm56c428ab9079f?pid=KRKHQ8YYBTZZTYXD,242.0,59959.0,99.6,,,,,relative_only,none,False,,,False,4,,,,kitchen organizer,2026-10-01T13:19:46.689355+00:00
267,flipkart,GESCHIR Utensil Kitchen Rack Steel Premium Household Storage Freestanding Shelf Organizer,KRKHQ8YY833PG7DG,https://www.flipkart.com/geschir-utensil-kitchen-rack-steel-premium-household-storage-freestanding-shelf-organizer/p/itmd60d40f5d08ad?pid=KRKHQ8YY833PG7DG,242.0,59959.0,99.6,,,,,relative_only,none,False,,,False,5,,,,kitchen organizer,2026-10-01T13:19:46.689486+00:00
268,flipkart,GESCHIR Utensil Kitchen Rack Steel Advanced Spice Organization Two Tier Organizer,KRKHQ8YYVY9GKNGH,https://www.flipkart.com/geschir-utensil-kitchen-rack-steel-advanced-spice-organization-two-tier-organizer/p/itme4f6e3191c76e?pid=KRKHQ8YYVY9GKNGH,242.0,59959.0,99.6,,,,,relative_only,none,False,,,False,6,,,,kitchen organizer,2026-10-01T13:19:46.689585+00:00
269,flipkart,PIXNA Dish Drainer Kitchen Rack Steel,KRKHEQHK6RU8NGSG,https://www.flipkart.com/pixna-dish-drainer-kitchen-rack-steel/p/itm7140a0b3f3fa3?pid=KRKHEQHK6RU8NGSG,192.0,99980.0,99.8,3.5,,,,relative_only,none,False,,,False,7,group_1,,,kitchen organizer,2026-10-01T13:19:46.689687+00:00
270,flipkart,Kinzilla Containers Kitchen Rack Steel Metal Kitchen Sink Draining Rack – Rustproof 304 Stainless Steel Sponge Holder,KRKHHN75KXDUQFEB,https://www.flipkart.com/kinzilla-containers-kitchen-rack-steel-metal-sink-draining-rustproof-304-stainless-sponge-holder/p/itmdbb280f98c032?pid=KRKHHN75KXDUQFEB,191.0,69972.0,99.7,3.9,,,,relative_only,none,False,,,False,8,,,,kitchen organizer,2026-10-01T13:19:46.689789+00:00
271,flipkart,GESCHIR Utensil Kitchen Rack Steel Advanced Condiment Storage Raised Utility Organizer,KRKHQ8YYSXF2WWHK,https://www.flipkart.com/geschir-utensil-kitchen-rack-steel-advanced-condiment-storage-raised-utility-organizer/p/itm5bda2c446656c?pid=KRKHQ8YYSXF2WWHK,242.0,59959.0,99.6,,,,,relative_only,none,False,,,False,9,,,,kitchen organizer,2026-10-01T13:19:46.689885+00:00
272,flipkart,GESCHIR Utensil Kitchen Rack Steel Premium Daily Storage Raised Utility Organizer,KRKHQ8YY95RT4DCV,https://www.flipkart.com/geschir-utensil-kitchen-rack-steel-premium-daily-storage-raised-utility-organizer/p/itm74471e6257b82?pid=KRKHQ8YY95RT4DCV,242.0,59959.0,99.6,,,,,relative_only,none,False,,,False,10,,,,kitchen organizer,2026-10-01T13:19:46.689979+00:00
273,flipkart,GESCHIR Utensil Kitchen Rack Steel Advanced Shelf Arrangement Extended Kitchen Organizer,KRKHQ8YY8ZMJBNGH,https://www.flipkart.com/geschir-utensil-kitchen-rack-steel-advanced-shelf-arrangement-extended-organizer/p/itm4bc32930eccae?pid=KRKHQ8YY8ZMJBNGH,242.0,59959.0,99.6,,,,,relative_only,none,False,,,False,13,,,,kitchen organizer,2026-10-01T13:19:46.690285+00:00
274,flipkart,GESCHIR Utensil Kitchen Rack Steel Premium Kitchen Storage Freestanding Shelf Organizer for Space Management,KRKHQ8YY3TQSGPUN,https://www.flipkart.com/geschir-utensil-kitchen-rack-steel-premium-storage-freestanding-shelf-organizer-space-management/p/itm2da5265a8af65?pid=KRKHQ8YY3TQSGPUN,242.0,59959.0,99.6,,,,,relative_only,none,False,,,False,14,,,,kitchen organizer,2026-10-01T13:19:46.690379+00:00
275,flipkart,GESCHIR Utensil Kitchen Rack Steel Premium Cooking Essentials Extended Kitchen Organizer,KRKHQ8YY9KWSHZZF,https://www.flipkart.com/geschir-utensil-kitchen-rack-steel-premium-cooking-essentials-extended-organizer/p/itm0e8bc3fc699ca?pid=KRKHQ8YY9KWSHZZF,242.0,59959.0,99.6,,,,,relative_only,none,False,,,False,15,,,,kitchen organizer,2026-10-01T13:19:46.690475+00:00
276,flipkart,GESCHIR Utensil Kitchen Rack Steel Premium Kitchen Storage Freestanding Shelf Organizer for Everyday Essentials,KRKHQ8YYZJ3GRVYM,https://www.flipkart.com/geschir-utensil-kitchen-rack-steel-premium-storage-freestanding-shelf-organizer-everyday-essentials/p/itme8518693b4352?pid=KRKHQ8YYZJ3GRVYM,242.0,59959.0,99.6,,,,,relative_only,none,False,,,False,16,,,,kitchen organizer,2026-10-01T13:19:46.690568+00:00
277,flipkart,RUKSHV Dish Drainer Kitchen Rack Iron Multipurpose Kitchen Sink Organizer Rack with Drain Tray & Towel Bar,KRKHGWKQ9BDGYYZW,https://www.flipkart.com/rukshv-dish-drainer-kitchen-rack-iron-multipurpose-sink-organizer-drain-tray-towel-bar/p/itm8114485a11214?pid=KRKHGWKQ9BDGYYZW,191.0,59968.0,99.7,3.8,,,,relative_only,none,False,,,False,17,,,,kitchen organizer,2026-10-01T13:19:46.690668+00:00
278,flipkart,GESCHIR Utensil Kitchen Rack Steel Premium Kitchen Storage Raised Utility Organizer for Organized Counters,KRKHQ8YYUXQMMYTZ,https://www.flipkart.com/geschir-utensil-kitchen-rack-steel-premium-storage-raised-utility-organizer-organized-counters/p/itmfa1a226cd74b6?pid=KRKHQ8YYUXQMMYTZ,242.0,59959.0,99.6,,,,,relative_only,none,False,,,False,18,,,,kitchen organizer,2026-10-01T13:19:46.690763+00:00
279,flipkart,GESCHIR Utensil Kitchen Rack Steel Premium Container Storage Raised Utility Organizer,KRKHQ8YYRMVZMXQF,https://www.flipkart.com/geschir-utensil-kitchen-rack-steel-premium-container-storage-raised-utility-organizer/p/itmfb388b25ef00a?pid=KRKHQ8YYRMVZMXQF,242.0,59959.0,99.6,,,,,relative_only,none,False,,,False,19,,,,kitchen organizer,2026-10-01T13:19:46.690860+00:00
280,flipkart,GESCHIR Utensil Kitchen Rack Steel Premium Pantry Organization Two Tier Organizer for Pantry Arrangement,KRKHQ8YYMEJYCXFT,https://www.flipkart.com/geschir-utensil-kitchen-rack-steel-premium-pantry-organization-two-tier-organizer-arrangement/p/itm0bd68c746ffb5?pid=KRKHQ8YYMEJYCXFT,242.0,59959.0,99.6,,,,,relative_only,none,False,,,False,20,,,,kitchen organizer,2026-10-01T13:19:46.690953+00:00
281,flipkart,GESCHIR Utensil Kitchen Rack Steel Premium Pantry Utility Raised Utility Organizer,KRKHQ8YYTUG6EBME,https://www.flipkart.com/geschir-utensil-kitchen-rack-steel-premium-pantry-utility-raised-organizer/p/itmfc0d5472a01f1?pid=KRKHQ8YYTUG6EBME,242.0,59959.0,99.6,,,,,relative_only,none,False,,,False,21,,,,kitchen organizer,2026-10-01T13:19:46.691046+00:00
282,flipkart,GESCHIR Utensil Kitchen Rack Steel Premium Spice Organization Raised Utility Organizer,KRKHQ8YYTHHDGWND,https://www.flipkart.com/geschir-utensil-kitchen-rack-steel-premium-spice-organization-raised-utility-organizer/p/itm2802d578e472a?pid=KRKHQ8YYTHHDGWND,242.0,59959.0,99.6,,,,,relative_only,none,False,,,False,22,,,,kitchen organizer,2026-10-01T13:19:46.691138+00:00
283,flipkart,GESCHIR Utensil Kitchen Rack Steel Advanced Spice Organization Raised Utility Organizer,KRKHQ8YYHBBBAJXU,https://www.flipkart.com/geschir-utensil-kitchen-rack-steel-advanced-spice-organization-raised-utility-organizer/p/itmd5c2759555659?pid=KRKHQ8YYHBBBAJXU,242.0,59959.0,99.6,,,,,relative_only,none,False,,,False,23,,,,kitchen organizer,2026-10-01T13:19:46.691229+00:00
284,flipkart,GESCHIR Utensil Kitchen Rack Steel Premium Pantry Organization Two Tier Organizer for Kitchen Convenience,KRKHQ8YYAEZFD6FZ,https://www.flipkart.com/geschir-utensil-kitchen-rack-steel-premium-pantry-organization-two-tier-organizer-convenience/p/itmf68f20e6722ab?pid=KRKHQ8YYAEZFD6FZ,242.0,59959.0,99.6,,,,,relative_only,none,False,,,False,24,,,,kitchen organizer,2026-10-01T13:19:46.691318+00:00
285,flipkart,GESCHIR Utensil Kitchen Rack Steel Advanced Cooking Essentials Extended Kitchen Organizer,KRKHQ8YYFZKGXV9U,https://www.flipkart.com/geschir-utensil-kitchen-rack-steel-advanced-cooking-essentials-extended-organizer/p/itmeed590adf5533?pid=KRKHQ8YYFZKGXV9U,242.0,59959.0,99.6,,,,,relative_only,none,False,,,False,25,,,,kitchen organizer,2026-10-01T13:19:46.691411+00:00
286,flipkart,GESCHIR Utensil Kitchen Rack Steel Premium Home Organization Raised Utility Organizer,KRKHQ8YYNKAYQTUX,https://www.flipkart.com/geschir-utensil-kitchen-rack-steel-premium-home-organization-raised-utility-organizer/p/itm318dfa5f6ebf4?pid=KRKHQ8YYNKAYQTUX,242.0,59959.0,99.6,,,,,relative_only,none,False,,,False,26,,,,kitchen organizer,2026-10-01T13:19:46.691502+00:00
287,flipkart,Imperique Utensil Kitchen Rack Plastic Home Utility Organizer Shelf,KRKHZMEJXGYPUEW2,https://www.flipkart.com/imperique-utensil-kitchen-rack-plastic-home-utility-organizer-shelf/p/itmc5443ed74b782?pid=KRKHZMEJXGYPUEW2,260.0,79967.0,99.7,,,,,relative_only,none,False,,,False,27,,,,kitchen organizer,2026-10-01T13:19:46.691593+00:00
288,flipkart,GESCHIR Utensil Kitchen Rack Steel Premium Container Storage Freestanding Shelf Organizer,KRKHQ8YYXEN5H47A,https://www.flipkart.com/geschir-utensil-kitchen-rack-steel-premium-container-storage-freestanding-shelf-organizer/p/itm4a976bc971ace?pid=KRKHQ8YYXEN5H47A,242.0,59959.0,99.6,,,,,relative_only,none,False,,,False,28,,,,kitchen organizer,2026-10-01T13:19:46.691686+00:00
289,flipkart,Veltiqo Utensil Kitchen Rack Plastic Space Saver Utility Organizer,KRKHP2M9VVVGBE3H,https://www.flipkart.com/veltiqo-utensil-kitchen-rack-plastic-space-saver-utility-organizer/p/itm440dee08c1284?pid=KRKHP2M9VVVGBE3H,258.0,79967.0,99.7,,,,,relative_only,none,False,,,False,29,,,,kitchen organizer,2026-10-01T13:19:46.691777+00:00
290,flipkart,GESCHIR Utensil Kitchen Rack Steel Advanced Kitchen Storage Raised Utility Organizer,KRKHQ8YYTA5GRBXD,https://www.flipkart.com/geschir-utensil-kitchen-rack-steel-advanced-storage-raised-utility-organizer/p/itm95897c5f6470e?pid=KRKHQ8YYTA5GRBXD,242.0,59959.0,99.6,,,,,relative_only,none,False,,,False,30,,,,kitchen organizer,2026-10-01T13:19:46.691871+00:00
291,flipkart,GESCHIR Utensil Kitchen Rack Steel Advanced Household Storage Open Shelf Organizer,KRKHQ8YYVTPJQDFA,https://www.flipkart.com/geschir-utensil-kitchen-rack-steel-advanced-household-storage-open-shelf-organizer/p/itm3bb5410676b08?pid=KRKHQ8YYVTPJQDFA,242.0,59959.0,99.6,,,,,relative_only,none,False,,,False,31,,,,kitchen organizer,2026-10-01T13:19:46.691964+00:00
292,flipkart,ShreeDevam Utensil Kitchen Rack Plastic Kitchen Storage Organizer with Utility Side Rail,KRKHZUTJGEHTAEGG,https://www.flipkart.com/shreedevam-utensil-kitchen-rack-plastic-storage-organizer-utility-side-rail/p/itme43f183c4c90e?pid=KRKHZUTJGEHTAEGG,260.0,79967.0,99.7,,,,,relative_only,none,False,,,False,32,,,,kitchen organizer,2026-10-01T13:19:46.692060+00:00
293,flipkart,GESCHIR Utensil Kitchen Rack Steel Premium Kitchen Storage Extended Kitchen Organizer for Neat Shelving,KRKHQ8YYG8QMVUNA,https://www.flipkart.com/geschir-utensil-kitchen-rack-steel-premium-storage-extended-organizer-neat-shelving/p/itm38ca9578fe6d7?pid=KRKHQ8YYG8QMVUNA,242.0,59959.0,99.6,,,,,relative_only,none,False,,,False,33,,,,kitchen organizer,2026-10-01T13:19:46.692151+00:00
294,flipkart,GESCHIR Utensil Kitchen Rack Steel Advanced Condiment Storage Freestanding Shelf Organizer,KRKHQ8YYSPFK3BZC,https://www.flipkart.com/geschir-utensil-kitchen-rack-steel-advanced-condiment-storage-freestanding-shelf-organizer/p/itmd8778456f21c7?pid=KRKHQ8YYSPFK3BZC,242.0,59959.0,99.6,,,,,relative_only,none,False,,,False,34,,,,kitchen organizer,2026-10-01T13:19:46.692242+00:00
295,flipkart,GESCHIR Utensil Kitchen Rack Steel Premium Kitchen Storage Raised Utility Organizer for Compact Kitchens,KRKHQ8YYBRERNWAV,https://www.flipkart.com/geschir-utensil-kitchen-rack-steel-premium-storage-raised-utility-organizer-compact-kitchens/p/itm9ce4fbfb6e574?pid=KRKHQ8YYBRERNWAV,242.0,59959.0,99.6,,,,,relative_only,none,False,,,False,35,,,,kitchen organizer,2026-10-01T13:19:46.692335+00:00
296,flipkart,GESCHIR Utensil Kitchen Rack Steel Premium Container Storage Extended Kitchen Organizer,KRKHQ8YY8RWZAYNZ,https://www.flipkart.com/geschir-utensil-kitchen-rack-steel-premium-container-storage-extended-organizer/p/itmd410931387f17?pid=KRKHQ8YY8RWZAYNZ,242.0,59959.0,99.6,,,,,relative_only,none,False,,,False,36,,,,kitchen organizer,2026-10-01T13:19:46.692427+00:00
297,flipkart,GESCHIR Utensil Kitchen Rack Steel Premium Kitchen Storage Open Shelf Organizer for Neat Shelving,KRKHQ8YYNNRWWBA8,https://www.flipkart.com/geschir-utensil-kitchen-rack-steel-premium-storage-open-shelf-organizer-neat-shelving/p/itm571ad31394bd8?pid=KRKHQ8YYNNRWWBA8,242.0,59959.0,99.6,,,,,relative_only,none,False,,,False,37,,,,kitchen organizer,2026-10-01T13:19:46.692518+00:00
298,flipkart,GESCHIR Utensil Kitchen Rack Steel Premium Kitchen Storage Raised Utility Organizer for Home Storage,KRKHQ8YYTN5N4H7X,https://www.flipkart.com/geschir-utensil-kitchen-rack-steel-premium-storage-raised-utility-organizer-home/p/itmc706bbab68d7b?pid=KRKHQ8YYTN5N4H7X,242.0,59959.0,99.6,,,,,relative_only,none,False,,,False,38,,,,kitchen organizer,2026-10-01T13:19:46.692608+00:00
299,flipkart,GESCHIR Utensil Kitchen Rack Steel Premium Pantry Organization Two Tier Organizer for Compact Kitchens,KRKHQ8YYT4GTKCFV,https://www.flipkart.com/geschir-utensil-kitchen-rack-steel-premium-pantry-organization-two-tier-organizer-compact-kitchens/p/itmc88fe13132fa7?pid=KRKHQ8YYT4GTKCFV,242.0,59959.0,99.6,,,,,relative_only,none,False,,,False,39,,,,kitchen organizer,2026-10-01T13:19:46.692700+00:00
300,flipkart,ShreeDevam Utensil Kitchen Rack Plastic Premium Cooking Tool Organizer,KRKHZUTJGMYGHZRJ,https://www.flipkart.com/shreedevam-utensil-kitchen-rack-plastic-premium-cooking-tool-organizer/p/itm3b4e1acd92650?pid=KRKHZUTJGMYGHZRJ,260.0,79967.0,99.7,,,,,relative_only,none,False,,,False,40,,,,kitchen organizer,2026-10-01T13:19:46.692792+00:00
301,flipkart,PRIKAP ENTERPRISE 4-TIER KITCHEN STORAGE TROLLEY /BOOK SHELF/TOYS STORAGE RACK-WHITE Plastic Kitchen Trolley,KTRHKYNGGVVDPAYD,https://www.flipkart.com/prikap-enterprise-4-tier-kitchen-storage-trolley-book-shelf-toys-rack-white-plastic/p/itmba9e32a00b682?pid=KTRHKYNGGVVDPAYD,498.0,99950.0,99.5,4.1,,,,relative_only,none,False,,,False,3,,,,kitchen organizer,2026-10-01T13:19:56.390189+00:00
302,flipkart,VM BOND 4 Layer Multipurpose Kitchen Trolley Storage Rack with Wheels Plastic Kitchen Trolley,KTRHNG3PAURVMNFM,https://www.flipkart.com/vm-bond-4-layer-multipurpose-kitchen-trolley-storage-rack-wheels-plastic/p/itm1dbbbcabca8d0?pid=KTRHNG3PAURVMNFM,320.0,99967.0,99.7,3.9,,,,relative_only,none,False,,,False,4,,,,kitchen organizer,2026-10-01T13:19:56.390404+00:00
303,flipkart,KOKOLINE Plastic Utility Container - 35 L,CNTHNFRNT48ZUC5V,https://www.flipkart.com/kokoline-plastic-utility-container-35-l/p/itmb98b1e46fdd99?pid=CNTHNFRNT48ZUC5V,1342.0,13994.0,90.4,4.3,,,,relative_only,none,False,,,False,5,,,,kitchen organizer,2026-10-01T13:19:56.390580+00:00
304,flipkart,Eos Plastic Grocery Container - 0.816 ml,CNTHGK47RSP52CZH,https://www.flipkart.com/eos-plastic-grocery-container-0-816-ml/p/itme053590d485b3?pid=CNTHGK47RSP52CZH,267.0,69961.0,99.6,,,,,relative_only,none,False,,,False,6,,,,kitchen organizer,2026-10-01T13:19:56.390763+00:00
305,flipkart,Chiku Enterprises Cotton Adorable Face Hanging Storage Basket for Home Storage and Decor(Size 7*3*5inch) Storage Basket,SRBHJ4EY3EMHW78Z,https://www.flipkart.com/chiku-enterprises-cotton-adorable-face-hanging-storage-basket-home-decor-size-7-3-5inch/p/itm15337fa20b8bb?pid=SRBHJ4EY3EMHW78Z,195.0,99980.0,99.8,4.2,,,,relative_only,none,False,,,True,9,,,,kitchen organizer,2026-10-01T13:19:56.391259+00:00
306,flipkart,"Coozico Vacuum Compression Storage Bags With Hand Pump - Jumbo, 5-Pack Travel Storage Vacuum Bags",SVBGTRZEWHFFG2BX,https://www.flipkart.com/coozico-vacuum-compression-storage-bags-hand-pump-jumbo-5-pack-travel/p/itm0cc018c951e92?pid=SVBGTRZEWHFFG2BX,276.0,89969.0,99.7,4.1,,,,relative_only,none,False,,,False,10,,,,kitchen organizer,2026-10-01T13:19:56.391428+00:00
307,flipkart,"CLASPO Vacuum storage bag High Volume Storage Vacuum Bags, Travel Storage Vacuum Bags",SVBHZZAGE2HEGMRM,https://www.flipkart.com/claspo-vacuum-storage-bag-high-volume-bags-travel-bags/p/itm528371caea0c9?pid=SVBHZZAGE2HEGMRM,407.0,149972.0,99.7,,,,,relative_only,none,False,,,False,12,,,,kitchen organizer,2026-10-01T13:19:56.391772+00:00
308,flipkart,"SKYZONE Plate Kitchen Rack Plastic, Steel Pot Lid Organizer Holder with 7 Adjustable Compartments",KRKGYUHBXR92BXBH,https://www.flipkart.com/skyzone-plate-kitchen-rack-plastic-steel-pot-lid-organizer-holder-7-adjustable-compartments/p/itm4aab1e1760c49?pid=KRKGYUHBXR92BXBH,435.0,99956.0,99.6,4.2,,,,relative_only,none,False,,,False,13,,,,kitchen organizer,2026-10-01T13:19:56.391945+00:00
309,flipkart,Woodvilla Containers Kitchen Rack Wood 3 Tier Spice Rack Organizer WHITE BROWN,KRKHZ5NUUUEUBJ8P,https://www.flipkart.com/woodvilla-containers-kitchen-rack-wood-3-tier-spice-organizer-white-brown/p/itmd1ab34579b0c3?pid=KRKHZ5NUUUEUBJ8P,289.0,119975.0,99.8,4.3,,,,relative_only,none,False,,,False,14,,,,kitchen organizer,2026-10-01T13:19:56.392112+00:00
310,flipkart,AVAIL Utensil Kitchen Rack Steel 5 Layer Wall Mount Kitchen Dish Rack / Plate Cutlery Stand / Kitchen Organizer,KRKHMTT2FK3UWGDW,https://www.flipkart.com/avail-utensil-kitchen-rack-steel-5-layer-wall-mount-dish-plate-cutlery-stand-organizer/p/itmb34563d0901ea?pid=KRKHMTT2FK3UWGDW,1650.0,499966.0,99.7,4.2,,,,relative_only,none,False,,,False,15,,,,kitchen organizer,2026-10-01T13:19:56.392276+00:00
311,flipkart,Kombuis Kitchenware Chakla/Belan Kitchen Rack Steel Plate Dish Corner Shelf Rack Stand Shelves Holder (25.5 * 25.5 * 22 CM),KRKH3KZFYZEF48JB,https://www.flipkart.com/kombuis-kitchenware-chakla-belan-kitchen-rack-steel-plate-dish-corner-shelf-stand-shelves-holder-25-5-25-5-22-cm/p/itm92feb8dbb5d8e?pid=KRKH3KZFYZEF48JB,182.0,124985.0,99.9,3.8,,,,relative_only,none,False,,,False,16,,,,kitchen organizer,2026-10-01T13:19:56.392450+00:00
312,flipkart,"romj Dish Drainer Kitchen Rack Steel Soap DIsh Stainless Steel Sink Caddy Organizer,Tap Organiser Clip Storage",KRKHBRZ2M4GSHHTP,https://www.flipkart.com/romj-dish-drainer-kitchen-rack-steel-soap-stainless-sink-caddy-organizer-tap-organiser-clip-storage/p/itmda501649179e6?pid=KRKHBRZ2M4GSHHTP,135.0,99986.0,99.9,3.9,,,,relative_only,none,False,,,False,19,,,,kitchen organizer,2026-10-01T13:19:56.392979+00:00
313,flipkart,DZENTERPRIES Dish Drainer Kitchen Rack Plastic Dish Drainer Kitchen Rack Dish Drainer Kitchen Rack Plastic Kitchen Plastic,KRKHMWDBYKFA7BDY,https://www.flipkart.com/dzenterpries-dish-drainer-kitchen-rack-plastic/p/itm8696fc3fa09c2?pid=KRKHMWDBYKFA7BDY,448.0,199977.0,99.8,3.5,,,,relative_only,none,False,,,False,23,,,,kitchen organizer,2026-10-01T13:19:56.393514+00:00
314,flipkart,DM PLUS Oil & Vinegar Set Plastic,CDSGW3RP74HAYV7X,https://www.flipkart.com/dm-plus-oil-vinegar-set-plastic/p/itme1e936cde8134?pid=CDSGW3RP74HAYV7X,131.0,49973.0,99.7,3.9,,,,relative_only,none,False,,,False,25,,,,kitchen organizer,2026-10-01T13:19:56.393758+00:00
315,flipkart,MILTON Plastic Utility Container - 1240 ml,CNTHPR7ZUS3SFB2E,https://www.flipkart.com/milton-plastic-utility-container-1240-ml/p/itm2d296bfdb9085?pid=CNTHPR7ZUS3SFB2E,899.0,184951.0,99.5,,,,,relative_only,none,False,,,False,26,,,,kitchen organizer,2026-10-01T13:19:56.393875+00:00
316,flipkart,"FREEDOO Wooden, Wool Decorative Multipurpose Organizer Box Storage Basket",SRBHPGDUU6YTHFCU,https://www.flipkart.com/freedoo-wooden-wool-decorative-multipurpose-organizer-box-storage-basket/p/itm579426e70b587?pid=SRBHPGDUU6YTHFCU,699.0,149953.0,99.5,,,,,relative_only,none,False,,,False,27,,,,kitchen organizer,2026-10-01T13:19:56.393994+00:00
317,flipkart,SHOBHIRA Cotton Braided Woven Bowl Shaped Storage Basket,SRBHZQG2ZDRSGZWF,https://www.flipkart.com/shobhira-cotton-braided-woven-bowl-shaped-storage-basket/p/itm24c785dedb179?pid=SRBHZQG2ZDRSGZWF,216.0,99978.0,99.8,4.4,,,,relative_only,none,False,,,False,28,,,,kitchen organizer,2026-10-01T13:19:56.394118+00:00
318,flipkart,Surety for Safety 4 Tier Plastic Storage Trolley with Wheels for Kitchen & Bathroom Plastic Kitchen Trolley,KTRHPVMYSH4HAYSJ,https://www.flipkart.com/surety-safety-4-tier-plastic-storage-trolley-wheels-kitchen-bathroom/p/itm9727bfa280d77?pid=KTRHPVMYSH4HAYSJ,398.0,249984.0,99.8,,,,,relative_only,none,False,,,False,30,,,,kitchen organizer,2026-10-01T13:19:56.394362+00:00
319,flipkart,"FREEDOO Wooden, Wool Decorative Multipurpose Organizer Box Storage Basket",SRBHH9YRQVTNPD6F,https://www.flipkart.com/freedoo-wooden-wool-decorative-multipurpose-organizer-box-storage-basket/p/itm4b6a2a1a2dba7?pid=SRBHH9YRQVTNPD6F,662.0,149955.0,99.6,,,,,relative_only,none,False,,,False,31,,,,kitchen organizer,2026-10-01T13:19:56.394480+00:00
320,flipkart,Payal Plastic QUDRA-1234 Storage Basket,SRBHQRWTUA6RMYPP,https://www.flipkart.com/payal-plastic-qudra-1234-storage-basket/p/itm26c2ba5ba28a7?pid=SRBHQRWTUA6RMYPP,427.0,89952.0,99.5,,,,,relative_only,none,False,,,False,32,,,,kitchen organizer,2026-10-01T13:19:56.394598+00:00
321,flipkart,"ktrugs Cotton Rainbow Pink & White Nursery Organizer for Baby Room, Toys, Clothes & Diapers Storage Basket",SRBHPAFWXVWKERWY,https://www.flipkart.com/ktrugs-cotton-rainbow-pink-white-nursery-organizer-baby-room-toys-clothes-diapers-storage-basket/p/itm30772ec44cb78?pid=SRBHPAFWXVWKERWY,279.0,129978.0,99.8,,,,,relative_only,none,False,,,False,33,,,,kitchen organizer,2026-10-01T13:19:56.394717+00:00
322,flipkart,"OnisHomes Space Saving Compression Bags with Pump for Clothes, Blankets Travel Storage Vacuum Bags, High Volume Storage Vacuum Bags",SVBHMJWFGNUC7WSD,https://www.flipkart.com/onishomes-space-saving-compression-bags-pump-clothes-blankets-travel-storage-vacuum-bags-high-volume/p/itm1d3d343cbd3cb?pid=SVBHMJWFGNUC7WSD,360.0,99963.0,99.6,4.2,,,,relative_only,none,False,,,False,34,,,,kitchen organizer,2026-10-01T13:19:56.394838+00:00
323,flipkart,"NEXO Utensil Kitchen Rack Steel Stainless Steel 2 Layer Kitchen Spice Rack, Kitchen Organizer",KRKGGKKJJ9FCNTDS,https://www.flipkart.com/nexo-utensil-kitchen-rack-steel-stainless-2-layer-spice-rack-organizer/p/itmcd8d10cf299bf?pid=KRKGGKKJJ9FCNTDS,248.0,89972.0,99.7,3.9,,,,relative_only,none,False,,,False,36,,,,kitchen organizer,2026-10-01T13:19:56.395079+00:00
324,flipkart,DEAGAN Reusable Vacuum Storage Bags Travel Storage Vacuum Bags (Pack of 5) Travel Storage Vacuum Bags,SVBGXFF3PNVG4M3R,https://www.flipkart.com/deagan-reusable-vacuum-storage-bags-travel-pack-5/p/itm186fab6eb8a03?pid=SVBGXFF3PNVG4M3R,240.0,99975.0,99.8,4.2,,,,relative_only,none,False,,,False,37,,,,kitchen organizer,2026-10-01T13:19:56.395203+00:00
325,flipkart,Jolivo Vegetable Storage Bag for Fridge Set of 5 Pack of 5 Grocery Bags,GCBHQYAGSWEGZU7D,https://www.flipkart.com/jolivo-vegetable-storage-bag-fridge-set-5-pack-grocery-bags/p/itmde5f0b0ca0a7d?pid=GCBHQYAGSWEGZU7D,218.0,89975.0,99.8,,,,,relative_only,none,False,,,False,38,,,,kitchen organizer,2026-10-01T13:19:56.395328+00:00
326,flipkart,Homely Get Crafty Utensil Kitchen Rack Iron Under Shelf Storage Basket Organizer,KRKHKMZAY3KSN83U,https://www.flipkart.com/homely-get-crafty-utensil-kitchen-rack-iron-under-shelf-storage-basket-organizer/p/itm409422461615b?pid=KRKHKMZAY3KSN83U,334.0,69952.0,99.5,4.2,,,,relative_only,none,False,,,False,39,,,,kitchen organizer,2026-10-01T13:19:56.395499+00:00
327,flipkart,"VEDCRAFT Containers Kitchen Rack Wood Kitchen Rack Organizer for Spices, Jars, Mugs,",KRKHGAMFMHWDFTM7,https://www.flipkart.com/vedcraft-containers-kitchen-rack-wood-organizer-spices-jars-mugs/p/itmbceb239811b2d?pid=KRKHGAMFMHWDFTM7,407.0,349988.0,99.9,3.8,,,,relative_only,none,False,,,False,40,,,,kitchen organizer,2026-10-01T13:19:56.395622+00:00
328,meesho,Trendy Spice Racks,132905538,https://www.meesho.com/s/p/dealkart-wrought-iron-2-tier-foldable-kitchen-spice-rack-for-countertop-bathroom-storage-shelf-seasoning-organizer-kitchen-cabinet-holder,271.0,271.0,0.0,4.1,,,,relative_only,none,False,,,False,1,,,https://images.meesho.com/images/catalogs/132905538/cover/1/2/71802ae3392393a5b83940925122bd06ec142e25d8c62738d1a57afeef3eb0cfb2dfe89df9829ed762de17210e78ec4e02e4b75f32cd20f2361dcbfb646007e1_512.jpg,kitchen organizer,2026-10-01T13:19:28.149683+00:00
329,meesho,Useful Tissue Stand & Holder,124227945,https://www.meesho.com/s/p/4-in1-kitchen-storage-container-plastic-boxes-for-storage-kitchen-containers-set-kitchen-accessories-items-for-storage-organizer-1800ml-2-pcs-blue,175.0,175.0,0.0,4.4,,,,relative_only,none,False,,,False,2,,,https://images.meesho.com/images/catalogs/124227945/cover/1/2/7d0383e16f766778486e7e09e442bf16a6770ebe6e75d56898a7575608c0acf627f8b4e315e0f58a957d5d7e9e98ab2756d69ed3ce000cba9144a6bd7798bc46_512.jpg,kitchen organizer,2026-10-01T13:19:28.149922+00:00
330,meesho,Amazing Jars & Containers,188206695,https://www.meesho.com/s/p/360-rotating-masala-box-for-kitchen-7-compartment-plastic-spice-box-with-spoon-airtight-masala-dabba-spice-container-with-transparent-lid-kitchen-spice-organizer,172.0,172.0,0.0,4.3,,,,relative_only,none,False,,,False,3,,,https://images.meesho.com/images/catalogs/188206695/cover/1/2/3d71cfb47803da66a8f5201a8cbf89e4c9b5e60d2bc2a8984e44c94f9d764a43bfd159896eb98b9073aa1b71babb1e3f54306b5efc4a57b794c7830dd9a6d5ae_512.jpg,kitchen organizer,2026-10-01T13:19:28.150108+00:00
331,meesho,Fancy Spice Racks,126291122,https://www.meesho.com/s/p/bhola-steel-550g-2-tier-kitchenpantry-rack-storage-masala-pouches-multipurpose-stand,199.0,199.0,0.0,4.0,,,,relative_only,none,False,,,False,4,,,https://images.meesho.com/images/catalogs/126291122/cover/1/2/55da8bdf41c772a5d9ba20947b6cb18eff1f53bff97351d0d83a62625e1b8c6a4cc91a100750e0f9492ac3f4db53758534f155bd342ffdb8059b5d60119b9a7b_512.jpg,kitchen organizer,2026-10-01T13:19:28.150239+00:00
332,meesho,Classy Utensil Holders & Organizers,94720258,https://www.meesho.com/s/p/vaiva-stainless-steel-wall-hanging-soap-storage-rack-for-kitchen-bathroom-pack-of-1-soap-dish-for-soaps-storage-rack,131.0,131.0,0.0,4.2,,,,relative_only,none,False,,,False,5,,,https://images.meesho.com/images/catalogs/94720258/cover/1/2/32a8cd4e81e24baee914bc12efd2e402fb68e2a83e910b88b8df41732fff56dccd811aeca6559224a64b14a10f90003bd3869d02df514b73202aeb1c69adf562_512.jpg,kitchen organizer,2026-10-01T13:19:28.150376+00:00
333,meesho,Jars & Containers,183796065,https://www.meesho.com/s/p/unoteq-2-pis-combo-of-stainless-steel-self-adhesive-bathroom-shelf-corner-rack-for-kitchen-bathroom-shelves-bathroom-corner-shelf-and-racks-stainless-steel-wall-shelfpack-of-2,173.0,173.0,0.0,3.9,,,,relative_only,none,False,,,False,6,,,https://images.meesho.com/images/catalogs/183796065/cover/1/2/8288ea5642d17e9ede44c12dc86f504036dad93b5e726062c15cc039e11a7d3ece1997d0e4eda2637b0ff8c4e669924e9487e1cdeb9750a3e35d7b2ef6acb354_512.jpg,kitchen organizer,2026-10-01T13:19:28.150512+00:00
334,meesho,Utensil Holders & Organizers,179840394,https://www.meesho.com/s/p/multi-purpose-kitchen-cabinet-hook-hanger-under-shelf-cup-holder-multi-functional-kitchen-utensil-rack-for-home-kitchen-1-pcs,130.0,130.0,0.0,4.0,,,,relative_only,none,False,,,False,7,,,https://images.meesho.com/images/catalogs/179840394/cover/1/2/ba5ccc072838666c72a5bb0707816be9ce52830077fd9a4c9098350fa79bd17d1e6932e842aa6072e6a750cebc09f8478ad02817166c1c245b04a50ca8ac7db9_512.jpg,kitchen organizer,2026-10-01T13:19:28.150633+00:00
335,meesho,Unique Cutlery Racks,128915905,https://www.meesho.com/s/p/stainless-steel-spoon-holder-spoons-stand-chammach-stand-spoon-holder-for-kitchen-cutlery-holder-spoon-stand-spoon-rack-spoon-stand-for-kitchen,104.0,104.0,0.0,4.2,,,,relative_only,none,False,,,False,8,,,https://images.meesho.com/images/catalogs/128915905/cover/1/2/ee75235322e76cfe5d66df2d7fa8395b76e645f162ae0ed8d273c8fbdea644f757aabd231a20eb5810a657fc0fc195f4653d3fc2569c91b9f8ba35c9a0de85c6_512.jpg,kitchen organizer,2026-10-01T13:19:28.150764+00:00
336,meesho,Spice Racks,524397396,https://www.meesho.com/s/p/gori-crafts-3tier-spice-rack-138-inch-wood-step-shelf-countertop-spice-storage-holder-kitchen-pantry-cabinet-organizer-cupboard-for-spice-bottles,275.0,275.0,0.0,4.3,,,,relative_only,none,False,,,False,9,,,https://images.meesho.com/images/catalogs/524397396/cover/1/2/34de28436653a8df4d0e141b422d482a2b5578a8fcdc9d9160b4ba0201cad3f522fa43f8e25c6e3bfdb673fe14ec619f8cafd6f7f211a68ad445a4c27e5ad034_512.jpg,kitchen organizer,2026-10-01T13:19:28.150871+00:00
337,meesho,Spice Racks,576161193,https://www.meesho.com/s/p/s-m-home-kitchen-2-tier-multipurpose-kitchen-rackkitchen-storagekitchen-organizerkitchen-shelf-storage-basket-black,284.0,284.0,0.0,4.2,,,,relative_only,none,False,,,False,10,,,https://images.meesho.com/images/catalogs/576161193/cover/1/2/413e246b250027a91d70b982e925fd3986eacbd11775f461eccf692aa82ad2f0565cf85ed871ec8552baa4938e4d7afcf46015b69065a23a9404e4a17038846c_512.jpg,kitchen organizer,2026-10-01T13:19:28.150995+00:00
338,meesho,Classic Jars & Containers,171649292,https://www.meesho.com/s/p/4-in-1-multipurpose-4-section-kitchen-fridge-storage-airtight-container-set-for-dryfruits-spices-groceries-and-pickles-with-storage-set-2000-ml,179.0,179.0,0.0,4.0,,,,relative_only,none,False,,,False,11,,,https://images.meesho.com/images/catalogs/171649292/cover/1/2/155389ba0b8722a85a66ca60628a867d4d965fd5f211e3b301e8177b76e9b8aa1e5952121260af6b5d89128f0d104f2379ae8dd2237b42b74012a4c24f75f5f2_512.jpg,kitchen organizer,2026-10-01T13:19:28.151119+00:00
339,meesho,Stylo Utensil Holders & Organizers,133990463,https://www.meesho.com/s/p/stylo-utensil-holders-organizers,128.0,128.0,0.0,4.2,,,,relative_only,none,False,,,False,12,,,https://images.meesho.com/images/catalogs/133990463/cover/1/2/5601cadf17a9efabb4deaae1580c74e864e50cdce17b257c282743c47c1d670db110149160561bc00567a8b225c7d7ac280cc38866658199c414fa94c5fb14b4_512.jpg,kitchen organizer,2026-10-01T13:19:28.151246+00:00
340,meesho,Essential Jars & Containers,168184297,https://www.meesho.com/s/p/alphex-6pcs-fridge-storage-boxes-multipurpose-containers-for-storage-space-saving-refrigerator-side-door-organizer-for-fridge-kitchen-fruits-vegetables-storage-containers-transparent-6-pcs,142.0,142.0,0.0,4.2,,,,relative_only,none,False,,,False,13,,,https://images.meesho.com/images/catalogs/168184297/cover/1/2/41b5428ef3d84615b4f4f7c9eace41ef7d1c0633670b4dda07a45fddfee7d0462db1961653eaf9ba23e6925fc9fa04bface27dc510696bd75daf8674c03f7bba_512.jpg,kitchen organizer,2026-10-01T13:19:28.151366+00:00
341,meesho,Classy Jars & Containers,133393973,https://www.meesho.com/s/p/classic-jar-250-ml-glass-oil-dispenser-with-basting-brush-oil-ghee-containers-for-kitchen-oil-brush-for-bbq-pastry-grill-baking-kitchen-cooking-1-1-oil-jar-with-brush-1pack-of-1,139.0,139.0,0.0,4.3,,,,relative_only,none,False,,,False,14,,,https://images.meesho.com/images/catalogs/133393973/cover/1/2/422d3cfe7f3bc33c6620270c79999137b976b2152f40eac57680c7b29f09535dbf165344b88e85c7f2f5e680bb5558f95acb4af5651760ce7a9c9d5372fac529_512.jpg,kitchen organizer,2026-10-01T13:19:28.151474+00:00
342,meesho,Cutlery Racks,175724460,https://www.meesho.com/s/p/sone-key-chidiya-cutlery-stand-and-holder-for-kitchen-polka-dot-design-holder-for-kitchenyellow,229.0,229.0,0.0,4.6,,,,relative_only,none,False,,,False,15,,,https://images.meesho.com/images/catalogs/175724460/cover/1/2/8ed383b7ca741a7a79f64b315a72b4af8c6d70a6492cd2c5ef274f5f49126127c55340e3b218a93b5549177dc4345273dda14d16dba70a4e32fe5bd2669596ea_512.jpg,kitchen organizer,2026-10-01T13:19:28.151589+00:00
343,meesho,Bamboo Kurti With Dupatta,568787088,https://www.meesho.com/s/p/spice-rack-container-spice-stand-for-kitchen-storage-container-rack-sets-spice-racks,406.0,406.0,0.0,,,,,relative_only,none,False,,,False,16,,,https://images.meesho.com/images/catalogs/568787088/cover/1/2/ea8cbdd4c9488405cea659341d27694832ca33c4575dc96979429f01a992d6f04ed2f5ee7386f113099f6dd302c6d57332b305c21d1bc187cbf78390ebeef6aa_512.jpg,kitchen organizer,2026-10-01T13:19:28.151699+00:00
344,meesho,Modern Cookie Jars,176284212,https://www.meesho.com/s/p/ice-roller-for-face-massager-reusable-ice-holder-tool-for-glowing-clear-skin-easy-to-use-and-carry-cold-massage-therapy-for-skin-pack-of-1-multicolour,87.0,87.0,0.0,4.1,,,,relative_only,none,False,,,False,17,,,https://images.meesho.com/images/catalogs/176284212/cover/1/2/08f57dd4cb5cc90cc401bb930da6dc97f4c186a1c304d3a0ffe1dea82fa053e68f07eb0e5cc54cb1629af0b0fd2565ca22885f3fd4d268c9248b91b8f8f5925b_512.jpg,kitchen organizer,2026-10-01T13:19:28.151817+00:00
345,meesho,Elite Spice Racks,136681908,https://www.meesho.com/s/p/aahil-countertop-organizer-organization-2-tier-moveable-corner-shelf-for-kitchen-bathroom-spice-rack-coffee-area-over-sink-dresser-table,302.0,302.0,0.0,4.3,,,,relative_only,none,False,,,False,18,,,https://images.meesho.com/images/catalogs/136681908/cover/1/2/f6dcafb9fcb3458822f59395e8bfb34d2a30157fba2b27569ebf7799ce56aa39ba6a1b6b98ddda727fdab9c7df53ab5815e8b04c27bb0c474016133444f8f403_512.jpg,kitchen organizer,2026-10-01T13:19:28.151885+00:00
346,meesho,Trendy Spice Racks,119343582,https://www.meesho.com/s/p/hnsm-entprises-presents-a-stainless-steel-4-in-1-chakla-belan-stand,374.0,374.0,0.0,4.2,,,,relative_only,none,False,,,False,19,,,https://images.meesho.com/images/catalogs/119343582/cover/1/2/a166b206349e060c5420ab6125cafca91a04649ca3a25f510b937c4df326bb627082d43d46a41be7e61bb4768c8e1125ab3ec743eba914a73e5c4412d04bd5fb_512.jpg,kitchen organizer,2026-10-01T13:19:28.151939+00:00
347,meesho,Essential Spice Racks,24979719,https://www.meesho.com/s/p/mbcare-stainless-steel-rustproof-multipurpose-two-racks-utensils-organizer-shelf-storage-for-kitchen-cabinet-31x20x15,243.0,243.0,0.0,4.4,,,,relative_only,none,False,,,False,20,,,https://images.meesho.com/images/catalogs/24979719/cover/1/2/ba8472e54506a96aedcb754e3bb27370df2bb6d13fcbf6bea9be7f0b324a544dbecdc8ac95e628b4d22e0df334511b8d503135ac03826826848eaea790783d47_512.jpg,kitchen organizer,2026-10-01T13:19:28.152002+00:00
348,meesho,Modern Dish Racks,83888366,https://www.meesho.com/s/p/shreyank-dish-rack-4pc,362.0,362.0,0.0,4.2,,,,relative_only,none,False,,,False,1,,,https://images.meesho.com/images/catalogs/83888366/cover/1/2/51145427a6937d12ad72658fc5013f22b5038e0c1d7a9659deb857f82fe413166681c25dbc632849050ee26e6d53e7b68783558f1734a1db6ffe146fb43ef9b4_512.jpg,kitchen organizer,2026-10-01T13:19:28.152330+00:00
349,meesho,Essential Spice Racks,86114526,https://www.meesho.com/s/p/deko-collection-big-size-multipupose-2-tier-standing-rack-bathroom-countertop-storage-shelf-cosmetic-organizer-holder-kitchen-spice-rack-black,438.0,438.0,0.0,4.2,,,,relative_only,none,False,,,False,2,,,https://images.meesho.com/images/catalogs/86114526/cover/1/2/92ea60c6f9d60097551b5ef7f0a77ddf2867d25ee181f4a4c0c6d468bb95aadfe8d919a37c32b4fabca952c570af9456d88180b58e1550b521571b910b6881ae_512.jpg,kitchen organizer,2026-10-01T13:19:28.152395+00:00
350,meesho,Bathroom Shelves,146362343,https://www.meesho.com/s/p/1pcs-metal-bathroom-corner-rack-storage-shelves-bathroom-storage-rack-corner-steel-bathroom-corner-shelf-organizer-storage-bathroom-shelfshelves-cornerpack-of-1-cornor-rack,142.0,142.0,0.0,4.0,,,,relative_only,none,False,,,False,3,group_2,,https://images.meesho.com/images/catalogs/146362343/cover/1/2/10d47624df986fcaa2f4a1aee4ebff87da047805ea3c5bd165d5e546d6094ce1a78efa55298dc0a3b519ab9a1766f2ded3022d0c5176117e13cb22586f83342d_512.jpg,kitchen organizer,2026-10-01T13:19:28.152449+00:00
351,meesho,Spice Racks,179866986,https://www.meesho.com/s/p/wooden-kitchen-racks-home-kitchenkitchen-storage-organisers-racka-holders,511.0,511.0,0.0,4.2,,,,relative_only,none,False,,,False,4,,,https://images.meesho.com/images/catalogs/179866986/cover/1/2/49120b0ea21e0354236a184be042f1dbb53856a3d911a8a4dd209e751ba9c5a917099226a566a0a6f08ab3ad95e17733ba5b607897099330a025babe46619579_512.jpg,kitchen organizer,2026-10-01T13:19:28.152521+00:00
352,meesho,Collapsible Shoe Racks,192694542,https://www.meesho.com/s/p/best-quality-shoe-rack-for-shoes-step-4-blue,251.0,251.0,0.0,4.0,,,,relative_only,none,False,,,False,5,,,https://images.meesho.com/images/catalogs/192694542/cover/1/2/55d855d659907592862f1d8e68c87be2cb158bd85689ac0e213ce1abda8b1921fd59ac1709e41173a33ceb6099709383f0b0381cbb670ffaffa4e55771b0556d_512.jpg,kitchen organizer,2026-10-01T13:19:28.152577+00:00
353,meesho,Graceful Utensil Holders & Organizers,188509220,https://www.meesho.com/s/p/best-seller-mug-rack-chrome-cup-tree-organizer-space-saver-for-kitchen-stand,76.0,76.0,0.0,3.9,,,,relative_only,none,False,,,False,6,,,https://images.meesho.com/images/catalogs/188509220/cover/1/2/f4f1f5bab3019044d9a66fee2abdf4eaf941a0990a42c460a43542f2de53445f21c951db431747fdd6b08ed30f2aaf1c6c9f7e24b583b0448b4256e6d4f32261_512.jpg,kitchen organizer,2026-10-01T13:19:28.152630+00:00
354,meesho,Jars & Containers,185778469,https://www.meesho.com/s/p/6-in-1-masala-box-for-kitchen-airtight-bpa-free-plastic-6-section-storage-container-with-6-spoons-1800-ml-transparent-pickle-box-for-spices-dry-fruits-snack-pack-of-1-pink,131.0,131.0,0.0,4.2,,,,relative_only,none,False,,,False,7,,,https://images.meesho.com/images/catalogs/185778469/cover/1/2/64d3aa3f54d68d88ba048e67c14af433df7f2eb5e11ec1e0a3d4b0a77934c4bbe60112b3267e1f84a06b503a9494f0eb07324eda7fabfeefd92a9b1c073c3e01_512.jpg,kitchen organizer,2026-10-01T13:19:28.152685+00:00
355,meesho,racks & holder,37127907,https://www.meesho.com/s/p/spinfluencs-stainless-steel-adjusting-multifunctional-over-kitchen-sink-caddy-clamp-faucet-sponge-scrubber-holder-storage-hanging-shelf-draining-bathroom-tap-shampoo-soap-organizer-rack,142.0,142.0,0.0,4.0,,,,relative_only,none,False,,,False,8,,,https://images.meesho.com/images/catalogs/37127907/cover/1/2/328033ff0801757e24d119f152f8e986e74b8f63edb0cccab030a1fd3154b59bf6f8b2f78c9500d87e37411672552800da245d53604fe18bf394460df95a75b0_512.jpg,kitchen organizer,2026-10-01T13:19:28.152741+00:00
356,meesho,Trendy Wall Hooks,129392675,https://www.meesho.com/s/p/elite-utensil-holders-organizers,115.0,115.0,0.0,4.2,,,,relative_only,none,False,,,False,9,,,https://images.meesho.com/images/catalogs/129392675/cover/1/2/d2c42ae739716c60c13d2d053ed19911c616a18a1413050587dffc525f2eade94b60b2d38ee27a37e306ce04aa63162e1d8a5c8ce1ae59419e27be7924d957b6_512.jpg,kitchen organizer,2026-10-01T13:19:28.152793+00:00
357,meesho,Utensil Holders & Organizers,150849622,https://www.meesho.com/s/p/super-new-best-qulity-caddy-sponge-holder-kitchen-caddy-304-stainless-steel-soap-holder-for-kitchen-sink-kitchen-sink-organizer-countertop-with-removable-drain-tray-black-visit-the-utobao-store,217.0,217.0,0.0,4.1,,,,relative_only,none,False,,,False,10,,,https://images.meesho.com/images/catalogs/150849622/cover/1/2/e86666bb8c4be0d3909f7b06238bf139d24ee21e98a9533a387fc1f221324f75d979922736b62cb16faef308688479dcfde685d1d5581cf4109091bff00cfc15_512.jpg,kitchen organizer,2026-10-01T13:19:28.152847+00:00
358,meesho,Classy Cutlery Racks,129195382,https://www.meesho.com/s/p/stainless-steel-spoon-holder-spoons-stand-chammach-stand-spoon-holder-for-kitchen-cutlery-holder-spoon-stand-spoon-rack-spoon-stand-for-kitchen,104.0,104.0,0.0,4.2,,,,relative_only,none,False,,,False,11,,,https://images.meesho.com/images/catalogs/129195382/cover/1/2/24e29f19e19d5d2d29d53b805d138f6878e2d9f94682a189c2fde0a8c01831d91f1d4bc964a3ae00df6ed0df35322d87a04f9743c4e3cc52993dc140b37e5739_512.jpg,kitchen organizer,2026-10-01T13:19:28.152898+00:00
359,meesho,Trendy Trays,236563806,https://www.meesho.com/s/p/multi-purpose-360-rotating-organizer-black-revolving-tray-designed-for-storage-and-organization-pack-of-1,138.0,138.0,0.0,3.8,,,,relative_only,none,False,,,False,12,,,https://images.meesho.com/images/catalogs/236563806/cover/1/2/596d4706337c3008461180571dddf740942033242ddeddd3dd1afa5f498aa858366f485209ec73a6cbe3dd32781ae69d8ab6542074c6815bff9321aa240a0cdd_512.jpg,kitchen organizer,2026-10-01T13:19:28.152948+00:00
360,meesho,Trendy Spice Racks,136830234,https://www.meesho.com/s/p/modern-kitchen-tool-sets,248.0,248.0,0.0,3.7,,,,relative_only,none,False,,,False,13,,,https://images.meesho.com/images/catalogs/136830234/cover/1/2/d565eb487451804b4b0966a5386e822532631b506403d73e54209192ac10bc8605115d8919cbae6d48460ceb589531bc8002810cdd9b985f15d347911f63e675_512.jpg,kitchen organizer,2026-10-01T13:19:28.153003+00:00
361,meesho,Jars & Containers,182486685,https://www.meesho.com/s/p/kitchen-storage-jars-high-quality-kitchen-storage-jars-plastic-kitchen-jars-with-locking-lids-airtight-plastic-canisters-set-tightly-sealed-kitchen-jars-under-budget-pack-of-24-latest-trending,485.0,485.0,0.0,4.1,,,,relative_only,none,False,,,False,14,,,https://images.meesho.com/images/catalogs/182486685/cover/1/2/cc11b34b5bbe2d768938af1a77364d54e62f022a0e93c6807489cb574ea05c88816c4a43d16718099a51b2247a34fda4f8912374cee182b83e90f501c3974246_512.jpg,kitchen organizer,2026-10-01T13:19:28.153059+00:00
362,meesho,Fancy Racks & Holders,4548658,https://www.meesho.com/s/p/the-flying-kart-metal-1-pc-bath-rack-with-towel-holder-toothbrush-holder-soap-holder-sink-basket-kitchen-rack,229.0,229.0,0.0,4.3,,,,relative_only,none,False,,,False,15,,,https://images.meesho.com/images/catalogs/4548658/cover/1/2/a38560cf9d80b9c0443b33679eac65b5f9c3cfd9e6f22e367d81457f5a40302ef09a0f03e665f7b7a544a921af807716e51ad125eecd6d99b9ed01b508a74c40_512.jpg,kitchen organizer,2026-10-01T13:19:28.153132+00:00
363,meesho,Jars & Containers,147133879,https://www.meesho.com/s/p/set-8-new-desgine-plastic-storage-jar-container-set-air-tight-bpa-free-containers-for-kitchen-storage-set-kitchen-organizer-kitchen-storage-set-pantry-organization-multipurpose-jar-500-ml-set-8-black,295.0,295.0,0.0,4.3,,,,relative_only,none,False,,,False,16,,,https://images.meesho.com/images/catalogs/147133879/cover/1/2/d2ec9a2c45661d6f55229e2fc19735bfa44c2df99b4c88db3ba3ebdfee04351cf61fde1c79e524bad7dce1e1b16efe9050f276cba0c7535179842d356833b99c_512.jpg,kitchen organizer,2026-10-01T13:19:28.153202+00:00
364,meesho,Elite Jars & Containers,33441466,https://www.meesho.com/s/p/flynax-airtight-transparent-jar-air-tight-kitchen-storage-container-bpa-free-stackable-grocery-containers-storage-jar-masala-box-freezer-storage-box-plastic-containers-box-idle-for-food-grain-rice-rad-set-of-6-pcs,250.0,250.0,0.0,4.1,,,,relative_only,none,False,,,False,17,,,https://images.meesho.com/images/catalogs/33441466/cover/1/2/b94efb3c9ed26f0bff99ed6d26583f7c825ae7b785394e1d61f9190b69d3d54bf689705a723c50086bbc305faaa4c72af89d2297479b335e6352815297e74415_512.jpg,kitchen organizer,2026-10-01T13:19:28.153257+00:00
365,meesho,Wonderful Spice Racks,139458184,https://www.meesho.com/s/p/3-tier-stainless-steel-multipurpose-storage-rack-kitchen-countertop-organizer-spice-rack-bathroom-shelf-storage-stand-for-jars-bottles-toiletries-home-organization-silverrack,793.0,793.0,0.0,4.2,,,,relative_only,none,False,,,False,18,,,https://images.meesho.com/images/catalogs/139458184/cover/1/2/6f57c51884fc012cfe833ef1c47746755b88d976c83502d73d7a2cbc1ba961b86936c60211edf759e60ec261c55189bc9e0b278b96a9055f08b595e05af1a243_512.jpg,kitchen organizer,2026-10-01T13:19:28.153309+00:00
366,meesho,Elite Jars & Containers,101507143,https://www.meesho.com/s/p/unbreakable-pack-of-6-air-tight-square-plastic-containers-set-for-kitchen-storage-kitchen-container-storagecontainer-sets-plastic-container-air-tight-design-500-ml-6,225.0,225.0,0.0,4.2,,,,relative_only,none,False,,,False,19,,,https://images.meesho.com/images/catalogs/101507143/cover/1/2/b93355d703166a1358e59a199e192b9def73b69c006ac73bf9a6cc89b1deb5b1d72667f30ec08a0219c268fa2aa0bea50f82de33d320b99c1b746a0765f7d12c_512.jpg,kitchen organizer,2026-10-01T13:19:28.153369+00:00
367,meesho,Attractive Spice Racks,180728720,https://www.meesho.com/s/p/alight-spice-rack-organizer-for-countertop-2-tier-counter-shelf-standing-holder-storage-for-kitchen-cabine-with-shelf-liner-black-metal-black-tiered-shelf,293.0,293.0,0.0,4.2,,,,relative_only,none,False,,,False,20,,,https://images.meesho.com/images/catalogs/180728720/cover/1/2/379f25f767d70ec8d5e000d1397d30195cd57679edee63eea269467128e66da2ac8674a7224f975aac256639d12443b15751df2f6d9dda9ba3db203a10435035_512.jpg,kitchen organizer,2026-10-01T13:19:28.153473+00:00
368,meesho,Trendy Spice Racks,126902243,https://www.meesho.com/s/p/bhola-stee-stainless-steel-550g-2-tier-kitchenpantry-rack-storage-masala-dabba-pouches-multipurpose-holder-stand,249.0,249.0,0.0,3.9,,,,relative_only,none,False,,,False,1,,,https://images.meesho.com/images/catalogs/126902243/cover/1/2/71f3e230798394815299321754ba0049b0aaaaceb8d5f71f55ff6b6951343f1bb32a392ea382e6e340620b473202a73c5ea10313facb62c9b241726dbb2d52a2_512.jpg,kitchen organizer,2026-10-01T13:19:31.827209+00:00
369,meesho,Modern Spice Racks,122067049,https://www.meesho.com/s/p/stella-2-tier-standing-rack-bathroom-countertop-organizer-vanity-tray-cosmetic-makeup-storage-kitchen-spice-rack-standing-shelf-black-metal-pack-of-1,464.0,464.0,0.0,4.1,,,,relative_only,none,False,,,False,2,,,https://images.meesho.com/images/catalogs/122067049/cover/1/2/7d0fbc54dc28c0b490e17881b488e7651887ebce1143e26d2775cc2338f8dc5a0318143221bae7fdd2c9f9b9a2a54dfb36556a488fba492b3119aa00ab0622c5_512.jpg,kitchen organizer,2026-10-01T13:19:31.827254+00:00
370,meesho,Unique Cutlery Holders,38683592,https://www.meesho.com/s/p/spoon-rest,104.0,104.0,0.0,4.4,,,,relative_only,none,False,,,False,3,,,https://images.meesho.com/images/catalogs/38683592/cover/1/2/66fd661c55b1723f7b16530f7b02080f871f3a6c762eba6d19ecafe9a82376406134bdf101922bf4017a5d0b69f17c71ba146e27bfb710a1f552ac8a6dcaf0ae_512.jpg,kitchen organizer,2026-10-01T13:19:31.827276+00:00
371,meesho,Trendy Cutlery Racks,141095504,https://www.meesho.com/s/p/sone-key-chidiya-spoon-stand-and-holder-for-kitchen-cutlery-holder-for-kitchenwhite,212.0,212.0,0.0,4.6,,,,relative_only,none,False,,,False,4,,,https://images.meesho.com/images/catalogs/141095504/cover/1/2/d959f3e46c746568446565c81ce571ef049cd2a0ab51b977283faa811937b84942a979077257787b3538abde57279dfd11da92b38b4d504b3b2565e7a24b120b_512.jpg,kitchen organizer,2026-10-01T13:19:31.827295+00:00
372,meesho,Classy Cutlery Racks,150370264,https://www.meesho.com/s/p/long-size-hangers-pack-of-1,97.0,97.0,0.0,4.1,,,,relative_only,none,False,,,False,5,,,https://images.meesho.com/images/catalogs/150370264/cover/1/2/bc604dd6969963f680a2072078a4efb16ddc52c4bb6e9dbc926c20f74e32d67dd12c5a8267dfe5e8a8a6761b410182823b59a2caf481225b64467d9ad32ffd4e_512.jpg,kitchen organizer,2026-10-01T13:19:31.827314+00:00
373,meesho,Fancy Spice Racks,162980533,https://www.meesho.com/s/p/bhola-steel-mska-h-ji-multi-purpose-2-tier-kitchen-rack-spice-dabba-rack-kitchen-organizer-kitchen-stand-cosmetic-organizer-holder-stand,266.0,266.0,0.0,4.0,,,,relative_only,none,False,,,False,6,,,https://images.meesho.com/images/catalogs/162980533/cover/1/2/75abeab3538c4c311dc36e910dd49efd5be3b71fc80cedbcb863ad2b2a15f9d6f7afd75664db7cc123d68555d14596a0f12ceb121d6d43f2163a52935a44c514_512.jpg,kitchen organizer,2026-10-01T13:19:31.827334+00:00
374,meesho,Fancy Utensil Holders & Organizers,110991114,https://www.meesho.com/s/p/kingstone-plastic-non-slip-support-and-anti-vibration-pads-with-suction-cup-for-multipurpose-pack-of-4,101.0,101.0,0.0,4.0,,,,relative_only,none,False,,,False,7,,,https://images.meesho.com/images/catalogs/110991114/cover/1/2/b0daa585eaa0d745637e59a94da8e7ad0a232dc04591b121d3757f4529984af83d0c031e396c6d283f466a76a5b5b52068cb84933f670dd73f5abeb714c944e2_512.jpg,kitchen organizer,2026-10-01T13:19:31.827354+00:00
375,meesho,Everyday Cutlery Racks,130819749,https://www.meesho.com/s/p/hanger-empty-cutlery-holder-case-transparent-holds-31-pieces,131.0,131.0,0.0,4.0,,,,relative_only,none,False,,,False,8,,,https://images.meesho.com/images/catalogs/130819749/cover/1/2/b73f650fb3d19936384b6b59e2a5261975337434ceb9c150b6d309dd4cebf9bf6ba8e46e85d9145ecb895407f38b0853a266292dc5f2b023865f07a5733aed6c_512.jpg,kitchen organizer,2026-10-01T13:19:31.827372+00:00
376,meesho,Unique Jars & Containers,168182317,https://www.meesho.com/s/p/alphex-6pcs-fridge-storage-boxes-multipurpose-containers-for-storage-space-saving-refrigerator-side-door-organizer-for-fridge-kitchen-fruits-vegetables-storage-containers-transparent,148.0,148.0,0.0,4.1,,,,relative_only,none,False,,,False,9,,,https://images.meesho.com/images/catalogs/168182317/cover/1/2/becb4818f038eedffccc238f186c26dcecddc42cd4d800a1e32a2fc2dc098ab6b1d6865f5942ea736f5560f4e278ea49c23e42803143f66f9782479a40f4dbd8_512.jpg,kitchen organizer,2026-10-01T13:19:31.827392+00:00
377,meesho,Spice Racks,576040652,https://www.meesho.com/s/p/gudiya-decor-3tier-spice-rack-138-inch-wood-step-shelf-countertop-spice-storage-holder-kitchen-pantry-cabinet-organizer-cupboard-for-spice-bottles,249.0,249.0,0.0,2.5,,,,relative_only,none,False,,,False,10,,,https://images.meesho.com/images/catalogs/576040652/cover/1/2/309c372e8fa95d6b43d41b5e31046f7b7d0204a8eca19a891eb82b7c8e8c61cdfd00d4e89833693ce138f8bcd97ea86dc5da503ca277309c07b09fd922bce4fe_512.jpg,kitchen organizer,2026-10-01T13:19:31.827411+00:00
378,meesho,Attractive Spice Racks,109263397,https://www.meesho.com/s/p/multi-purpose-unbreakable-16-in-1-revolving-condiment-set-spice-rack,328.0,328.0,0.0,4.2,,,,relative_only,none,False,,,False,11,,,https://images.meesho.com/images/catalogs/109263397/cover/1/2/0ce5f5de0dc24bcf16cc6402da8ee96d521ae82283e2f4bb92aa18aa0eee72d604deb54f2d89abf77cbeceffa3ad512b01a9f3bfd0c160f6672d62e68e5690ab_512.jpg,kitchen organizer,2026-10-01T13:19:31.827431+00:00
379,meesho,Jars & Containers,168178228,https://www.meesho.com/s/p/plastic-square-7-sections-multipurpose-masala-rangoli-dabba-box-set-spice-box-set-brown-masala-box-7-in-1,116.0,116.0,0.0,4.1,,,,relative_only,none,False,,,False,12,,,https://images.meesho.com/images/catalogs/168178228/cover/1/2/99ccee2dfe381d4598dd96c854dd47cea596ac694fc32363fbcff335d0b750371a7cfb3a79fd6dcdcd56286036c8f253981da43a59d0dc00f1e01476be9ea214_512.jpg,kitchen organizer,2026-10-01T13:19:31.827467+00:00
380,meesho,Elite Jars & Containers,142639732,https://www.meesho.com/s/p/paltinzza-5-compartments-premium-container-for-kitchen-storage-set-multi-fridge-storage-boxes-ideal-fridge-storage-boxes-for-vegetablesmulticolourpack-of-1,154.0,154.0,0.0,4.1,,,,relative_only,none,False,,,False,13,,,https://images.meesho.com/images/catalogs/142639732/cover/1/2/876410ba23f4cd3b7f2c46033e30749432b79b246114692ac59a9b811f5845b5aeeac690f8eedbc1ffe0e87039301eb20cbad0a152c9792acf344328b76cba24_512.jpg,kitchen organizer,2026-10-01T13:19:31.827488+00:00
381,meesho,Trendy Spice Racks,145792675,https://www.meesho.com/s/p/stella-collections-multipurpose-storage-organizer-mild-steel-2-layer-storage-organizer-rack-for-kitchen-standing-rack-shelf-storage-holder-kitchen-rackspice-shelfkitchen-rackspantry-storage-organizerspice-rack-set-for-kitchen,306.0,306.0,0.0,4.2,,,,relative_only,none,False,,,False,14,,,https://images.meesho.com/images/catalogs/145792675/cover/1/2/742847fc52209d0251f0c17edb1c532c3d739553d3df10c2c7b1fcdaa34a6d7f1820d2e8fed5cb8724ed0660090430ef3828796ee31dadd7c03a5a0c72087958_512.jpg,kitchen organizer,2026-10-01T13:19:31.827506+00:00
382,meesho,Classy Storage Cabinets,115574431,https://www.meesho.com/s/p/multifuntion-kitchen-cabinet-organizer-rack-pots-pans-lids-cutting-boards-utensils,381.0,381.0,0.0,4.4,,,,relative_only,none,False,,,False,15,,,https://images.meesho.com/images/catalogs/115574431/cover/1/2/8fbb3fec4341b0abe710632f535341e9d8e38ff20b91bb5e4af5d9a10a0a50f0bf193272686b69f2b74cf90c33b542f953caf2f10632f2a7ad3a1a0f60b27e58_512.jpg,kitchen organizer,2026-10-01T13:19:31.827524+00:00
383,meesho,Wonderful Cutlery Racks,158889731,https://www.meesho.com/s/p/wooden-cutlery-holder-desk-organizer-cutlery-stand-pen-pencil-stand-table-storage-organizer-spoons-holder,130.0,130.0,0.0,4.1,,,,relative_only,none,False,,,False,16,,,https://images.meesho.com/images/catalogs/158889731/cover/1/2/29682b3e59515d38639be5db575ec79af2df95feb6957cf7825243cc90a1327be9e66d91c1fcca59d05b16c514c3831480796bc3584331e0f3bb18a7c6644956_512.jpg,kitchen organizer,2026-10-01T13:19:31.827542+00:00
384,meesho,Acrylic Kurti With Dupatta,568704667,https://www.meesho.com/s/p/spice-rack-container-spice-stand-for-kitchen-storage-container-rack-sets-spice-racks,406.0,406.0,0.0,4.0,,,,relative_only,none,False,,,False,17,,,https://images.meesho.com/images/catalogs/568704667/cover/1/2/4d3e98c70581d84c11390dbf49c2d38f9d96b22c72f58b865ce25bc410bce8d102621728f27c53ca4890e438342ff47fffcd023cc6a9889ed8f37acdc4c59fbf_512.jpg,kitchen organizer,2026-10-01T13:19:31.827562+00:00
385,meesho,Classy Whisks,192869916,https://www.meesho.com/s/p/whisker-pack-of-3-different-sizes-multiuse-stainless-steel-kitchen-utensil-balloon-shape-wire-whisk-egg-beater-kitchen-tool-202530cm-pack-of-3-silver,134.0,134.0,0.0,4.4,,,,relative_only,none,False,,,False,18,,,https://images.meesho.com/images/catalogs/192869916/cover/1/2/491d1536e01a74bf22befc98572b42ab3acc1da9630c2ac0b79aef99e0ae89f9d524aa4c5fe29c57ba901eaa1c41c8180c94359eb80ea3118281e5d7ce3e1bc1_512.jpg,kitchen organizer,2026-10-01T13:19:31.827583+00:00
386,meesho,Modern Jars & Containers,49305496,https://www.meesho.com/s/p/100unbreakable-kitchen-plastic-storage-containers-combo-set-with-spoon-350ml650-ml-1200-ml-plastic-grocery-container-pack-of-12-black,462.0,462.0,0.0,4.1,,,,relative_only,none,False,,,False,19,,,https://images.meesho.com/images/catalogs/49305496/cover/1/2/e9aa10c78a620c667331d08fd1daca74839a1c56abdc9f55bf90363606ec4dac068f81cacb1416f3aac37cdb99c7c7d1c7715c080220e9e9512e09eabcfef59d_512.jpg,kitchen organizer,2026-10-01T13:19:31.827604+00:00
387,meesho,Jars & Containers,159874324,https://www.meesho.com/s/p/16pcs-plastic-containers-i-16-pcs-premium-qulity-hexa-air-tight-modular-kitchen-plastic-storage-containers-jars-combo-box-set-of-16-1200-ml-650-ml-350-ml250-ml-plastic-grocery-container-pack-of-16-silver-plastic-storage-containersnacks-container-fridge-storage,387.0,387.0,0.0,3.9,,,,relative_only,none,False,,,False,20,,,https://images.meesho.com/images/catalogs/159874324/cover/1/2/3d4e2f2ffb81e6ccea2c26e5ba78e29fae1c023686e96ca9becb50b4eeca8c889b3bc27a995ff26951536887633f9acb24a9ad2e920e787c106ff9cfd2e685eb_512.jpg,kitchen organizer,2026-10-01T13:19:31.827622+00:00
388,meesho,Spice Racks,200338821,https://www.meesho.com/s/p/big-size-stainless-steel-2-layer-kitchen-spice-rack-modular-kitchen-storage-rack-kitchen-organizer-multipurpose-storage-shelfrack,251.0,251.0,0.0,3.9,,,,relative_only,none,False,,,False,1,,,https://images.meesho.com/images/catalogs/200338821/cover/1/2/3d325ee3225dba05b2ea9ec010d13e09862e4291be2bb3e3d7d9b8caaee8843a7bd3f09f849df11176613c21955c3862ef0fdf8401d4922756813f57022189d3_512.jpg,kitchen organizer,2026-10-01T13:19:35.146925+00:00
389,meesho,Spice Racks,185895705,https://www.meesho.com/s/p/geschir-set-of-2-stainless-steel-kitchen-rack-expandable-storage-shelves-multipurpose-organizer-extend-up-to-580-mm-with-anti-rust-nano-coating-quality-cops-modern-racks-storage-organizer-for-kitchen-2units,343.0,343.0,0.0,4.1,,,,relative_only,none,False,,,False,2,,,https://images.meesho.com/images/catalogs/185895705/cover/1/2/061a63923773d050800cb588a1a0e7a07c885e0ad41ae4764c0306af97d9224178250a7a0cca3b104cba72f6c05b13df2061665c45c2c32c6528fcb4c13e8d2d_512.jpg,kitchen organizer,2026-10-01T13:19:35.147009+00:00
390,meesho,Makeup Vanity Box And Organizers,507978475,https://www.meesho.com/s/p/3-tier-makeup-organiser-cosmetic-organisers-storage-box-drawers-plastic-cosmetic-organizer-make-up-organiser-for-women-cosmetics,507.0,507.0,0.0,4.1,,,,relative_only,none,False,,,False,3,,,https://images.meesho.com/images/catalogs/507978475/cover/1/2/ca87f0b38d5bdbbac0175c4e62ce66936cf1f86933df7aeb7c6002c250eefd88ae3bf5d81f44feedd2d13ccb4f40b034ee4c42cdd5dc2f8c28d60cb6b44f9232_512.jpg,kitchen organizer,2026-10-01T13:19:35.147064+00:00
391,meesho,Trendy Jars & Containers,132476024,https://www.meesho.com/s/p/hadpa-store-bacon-grease-container-with-strainer-48-oz-stainless-steel-oil-container-pot-fat-storage-with-lid-easy-grip-handle-suitable-for-storing-frying-oil-and-cooking-grease,280.0,280.0,0.0,4.1,,,,relative_only,none,False,,,False,4,,,https://images.meesho.com/images/catalogs/132476024/cover/1/2/8bd53783d8b9bed84b8aaca18c335a1ee13965ad4f4a21d3a5ef11c859de5fe4501c94e12700fbead8dc5344cf5528017f2d6736bb69f2b3337d8776ac2c0344_512.jpg,kitchen organizer,2026-10-01T13:19:35.147115+00:00
392,meesho,Modern Spice Racks,186812984,https://www.meesho.com/s/p/epic-mild-steel-2-tiered-shelf-multifunctional-storage-organizer-2-tier-kitchen-rack-made-of-stainless-steel-spice-dabba-rack-kitchen-stand-cosmetic-organizer-spice-shelf-kitchen-rack-spice-up-your-kitchen-black-metal-black-tiered-shelf,283.0,283.0,0.0,4.3,,,,relative_only,none,False,,,False,5,,,https://images.meesho.com/images/catalogs/186812984/cover/1/2/2643af3f88197975348821127c2abe8dc5cd216d4b692d6693391bd33ddc693c0601ec47a6463403fb97d7b2887807c9b71daa9e245fa44c0a1a07be47a2d6ab_512.jpg,kitchen organizer,2026-10-01T13:19:35.147164+00:00
393,meesho,Wonderful Dish Racks,159884556,https://www.meesho.com/s/p/bamboo-wooden-dish-drying-rack-plate-stand-holder-for-kitchen-cabinet-storage-organizer-for-dishplatecuppot-lidcutting-boardbook-pack-of-1,253.0,253.0,0.0,4.3,,,,relative_only,none,False,,,False,6,,,https://images.meesho.com/images/catalogs/159884556/cover/1/2/f88b38a26a05060685adeea816324000250ec11c9ce786c5166ea1e13a50412ec647597f8fd5993846496b2963f98cba4f1767684d669d23d2b941219f385a45_512.jpg,kitchen organizer,2026-10-01T13:19:35.147217+00:00
394,meesho,Spice Racks,461847163,https://www.meesho.com/s/p/2-tier-kitchen-spice-rack-iron-powder-coated-masala-stand-multipurpose-storage-organizer-for-kitchen-counter-strong-durable-rack-black,395.0,395.0,0.0,4.1,,,,relative_only,none,False,,,False,7,,,https://images.meesho.com/images/catalogs/461847163/cover/1/2/00e0e5dc3010b511589061b0b626e84a26c6cb73dc040bbdec43bb4e921db51e42b54113a695976e2ad0a2a93516269c6d9625f04f622e4d9373c4e388b99dbb_512.jpg,kitchen organizer,2026-10-01T13:19:35.147263+00:00
395,meesho,Graceful Egg Baskets,178625260,https://www.meesho.com/s/p/egg-dispenser-4-tier-egg-storage-for-fridge-holds-upto-30-eggs-egg-rolling-dispenser-for-easy-access-ideal-egg-tray-for-organized-storage-white,179.0,179.0,0.0,3.8,,,,relative_only,none,False,,,False,8,,,https://images.meesho.com/images/catalogs/178625260/cover/1/2/dd3526896e9143e3e54b04e1ba61e8cdde82cec5b59bf7d5dbd936a37f012cbc42ad9e754c5e08927865407401a188768b5f15d7781c24bb9960e9e042ac602e_512.jpg,kitchen organizer,2026-10-01T13:19:35.147308+00:00
396,meesho,Fancy Spice Racks,141572530,https://www.meesho.com/s/p/shriyank-2-tier-countertop-kitchen-organizertiered-shelf-kitchen-storage-rack-kitchen-counter-top-organiser-storage-shelf-for-home-kitchen-and-bathroom,425.0,425.0,0.0,4.0,,,,relative_only,none,False,,,False,9,,,https://images.meesho.com/images/catalogs/141572530/cover/1/2/cc1d9a25979856dfad6525e09c42badce2e6b0eaf7006752de289a17d22c5e342acdb28a4fab3b79807f94ac15ddfc5028350176a7c708851b00068a392851a7_512.jpg,kitchen organizer,2026-10-01T13:19:35.147353+00:00
397,meesho,Modern Unique Trendy Kitchen Tools,887405,https://www.meesho.com/s/p/sukhson-3-in-1-plastic-salt-pepper-pickel-jar-set-multipurpose-tabletop-spice-toothpick-dispenser,171.0,171.0,0.0,4.2,,,,relative_only,none,False,,,False,10,,,https://images.meesho.com/images/catalogs/887405/cover/1/2/c4c89635705a0909fc3507f54de5891ccf52f266d5e998e4b0b21081258a27f7b7aaa73851632beb85792ad53aef1c40e1590cbb0e66bf6480ca5f8101351d36_512.jpg,kitchen organizer,2026-10-01T13:19:35.147402+00:00
398,meesho,Amazing Jars & Containers,76716160,https://www.meesho.com/s/p/airtight-transparent-plastic-lock-food-storage-4-section-container-jar-for-grocery-fridge-container-containers-kitchen-storage-box-container-set-pack-of-2-blaack,333.0,333.0,0.0,4.4,,,,relative_only,none,False,,,False,11,,,https://images.meesho.com/images/catalogs/76716160/cover/1/2/fab476b2b762848105e4bc097fcdcf74e416c226ff48a63516dbd079f95920e90b981790984398624deecb8f7f05fce1ed877b20b3db4631da520a11e418dddd_512.jpg,kitchen organizer,2026-10-01T13:19:35.147449+00:00
399,meesho,Attractive Spice Racks,139321400,https://www.meesho.com/s/p/3-tier-stainless-steel-storage-rack-multipurpose-kitchen-organizer-shelf-countertop-stand-for-spice-jars-containers-utensils-kitchen-essentials-40x20x52-cm-kitchenrack,794.0,794.0,0.0,4.2,,,,relative_only,none,False,,,False,12,,,https://images.meesho.com/images/catalogs/139321400/cover/1/2/50061c1322314bdf05f58c9692cb9f8ffc829e24dcf161bd0c7f758236682053a2ab249559f64ecab70b0289bc086fa8bebc6c95ce32fb5e977fd518d69fef12_512.jpg,kitchen organizer,2026-10-01T13:19:35.147496+00:00
400,meesho,Essential Jars & Containers,75448872,https://www.meesho.com/s/p/pack-of-1-4in1-transparent-plastic-container-with-spoon-for-cereals-snacks-pickle-section-container,130.0,130.0,0.0,4.3,,,,relative_only,none,False,,,False,13,,,https://images.meesho.com/images/catalogs/75448872/cover/1/2/d24572acab5e3cf7235578f32a7fbba3ab6e379b618d6ee0356a4e32df5617398b9a0eec811cbf196d62d12af125790c9db5dc363c6ee0410a5aeab77c5e5677_512.jpg,kitchen organizer,2026-10-01T13:19:35.147540+00:00
401,meesho,Jars & Containers,178359556,https://www.meesho.com/s/p/6-in-1-masala-box-for-kitchen-airtight-bpa-free-plastic-6-section-storage-container-with-6-spoons-1800-ml-transparent-pickle-box-for-spices-dry-fruits-snack-pack-of-1-pink,148.0,148.0,0.0,4.3,,,,relative_only,none,False,,,False,14,,,https://images.meesho.com/images/catalogs/178359556/cover/1/2/11ba31758b0dc2a073c1d22eec03460f4138959bf69bd17c9d22037af0eaa5fb566026b4bdab1930fd3c645b1aaf3a7d4fbb74bf2741573caab75460421f33e1_512.jpg,kitchen organizer,2026-10-01T13:19:35.147589+00:00
402,meesho,Graceful Racks & Holders,53555869,https://www.meesho.com/s/p/corner-racks,371.0,371.0,0.0,3.8,,,,relative_only,none,False,,,False,15,,,https://images.meesho.com/images/catalogs/53555869/cover/1/2/6e44ff5cc529c9f417023bf14899b24cdffbfe868c5091cd0a9b94357b9bce36a382c9d4ed061e03949a92ef1225dd45a8884ec15231efa7d367f343568034c6_512.jpg,kitchen organizer,2026-10-01T13:19:35.147633+00:00
403,meesho,New Spice Racks,138520236,https://www.meesho.com/s/p/metal-2-tier-standing-spice-rack-bathroom-countertop-storage-shelf-organizer-kitchen-organizer-cabinet-tray-for-dresser-multipurpose-stand-2-tier-standing-multipurpose-rack,357.0,357.0,0.0,4.1,,,,relative_only,none,False,,,False,16,,,https://images.meesho.com/images/catalogs/138520236/cover/1/2/ee9d6f5ab05eeb94df74973eb60d12fe41d2c27b2f562c6ec600401f9aa44e45eee95b680ad88ee8fa3470c643759336f180e8e540038a341db6214c4a409e97_512.jpg,kitchen organizer,2026-10-01T13:19:35.147676+00:00
404,meesho,The Wolf Glass and Spoon Organiser for 6 Glasses and Cutlery Glass Stand Made Virgin Plastic Glasses Holder for Kitchen Glasses Holder for Kitchen,30821220,https://www.meesho.com/s/p/glass-and-spoon-organiser-for-6-glasses-and-cutlery-glass-stand-made-virgin-plastic-glasses-holder-for-kitchen-glasses-holder-for-kitchen,150.0,150.0,0.0,4.4,,,,relative_only,none,False,,,False,17,,,https://images.meesho.com/images/catalogs/30821220/cover/1/2/2b8ea1bdc5931ac671fcf21a5503e82e7a223cf34a2fd46d0f48ef0aebcdf4cac1745f4210babd54a9331bdfe839fd68ceec1965c62aa68d9ea915b316faf3c5_512.jpg,kitchen organizer,2026-10-01T13:19:35.147720+00:00
405,meesho,Amazing Jars & Containers,165243175,https://www.meesho.com/s/p/spokane-plastic-sprout-makersprout-maker-boxhygienic-sprout-maker-with-3-containerhome-making-fresh-sprouts-beans-for-living-healthy-life-sprout-maker-3-bowl-sprout-maker-for-home-3-compartment,191.0,191.0,0.0,3.9,,,,relative_only,none,False,,,False,18,,,https://images.meesho.com/images/catalogs/165243175/cover/1/2/d24d2004a9077eefac9fce6303f5e4712083e0b4fc2ef08a17f316c83f8e6baed9efa30b128eb5c3df1e6caeaef82687d751ca343056faedde9f5f388ccb30b7_512.jpg,kitchen organizer,2026-10-01T13:19:35.147765+00:00
406,meesho,Utensil Holders & Organizers,189847074,https://www.meesho.com/s/p/vigneshgenix-stainless-steel-rice-pot-drainer-stand-for-kitchen-fruit-beans-noodle-strainer-tabletop-cooked-rice-strainer-hands-free-drainer,226.0,226.0,0.0,4.3,,,,relative_only,none,False,,,False,19,,,https://images.meesho.com/images/catalogs/189847074/cover/1/2/8cc14d845ca0847bf60ec678eaec2d555ccf7bc904cdc8c47ac38170137d648f548f7c4a0c8ba39dc5529c5198f1fb80aace9f3719d27bb6db18015f1679aa2c_512.jpg,kitchen organizer,2026-10-01T13:19:35.147808+00:00
407,meesho,Jars & Containers,188623972,https://www.meesho.com/s/p/6-pcs-fridge-side-door-space-saver-organizers-storage-box-container-freezer-vegetables-fruits-fish-meat-egg-dry-fruit-airtight-lid-800ml-pack-of-6,161.0,161.0,0.0,3.9,,,,relative_only,none,False,,,False,20,,,https://images.meesho.com/images/catalogs/188623972/cover/1/2/0d0e2ae4d66dbefd73a797a9634f28749047478370f8c354921139d9fe8c0a9d7aa7746f0b363cd99b618cfae3b08bda8f2791e6678cd286a1718dbca5f525cf_512.jpg,kitchen organizer,2026-10-01T13:19:35.147851+00:00
408,meesho,Elite Spice Racks,168179743,https://www.meesho.com/s/p/iron-foldable-2-tier-iron-kitchen-spice-rack-for-condim-alight-spice-rack-organizer-for-countertop-2-tier-counter-shelf-standing-holder-storage-for-kitchen-cabine-with-shelf-liner-black-metal-black-tiered-shelfcontainers-kitchen-rack-ents,287.0,287.0,0.0,4.1,,,,relative_only,none,False,,,False,1,,,https://images.meesho.com/images/catalogs/168179743/cover/1/2/fc68561e8fc85ba78ad818579c3ed60f5ee3c7e3c07215adc473a36e35945a192228535d2fc417a10db7b460a893999efd17393660aac240c154c18b20b8a107_512.jpg,kitchen organizer,2026-10-01T13:19:39.023342+00:00
409,meesho,Spice Racks,556244346,https://www.meesho.com/s/p/premium-wooden-spice-rack-organizer-3-layer-kitchen-storage-countertop-stand,236.0,236.0,0.0,,,,,relative_only,none,False,,,False,2,,,https://images.meesho.com/images/catalogs/556244346/cover/1/2/d9b60c6cfbfc2a3b4f53de9ed4460728dfadb7a7689f31fd3b3309b9994fc506e715fcbba5701cf91015c11fafebfe972ac1e87707e4fceab5d9628e56c704f7_512.jpg,kitchen organizer,2026-10-01T13:19:39.023400+00:00
410,meesho,Utensil Holders & Organizers,184059948,https://www.meesho.com/s/p/glass-holder-nice-desigen-cup-stand-to-glass-stand-pack-of-1,140.0,140.0,0.0,4.2,,,,relative_only,none,False,,,False,3,,,https://images.meesho.com/images/catalogs/184059948/cover/1/2/3a3285df0863a1d6abf405c2c5ef37ec038fe89b26576d7ef5a29b8a1ba56ada825ace2e390eede37cf69091f01007b9b020b361de9dba72a979b9a6393ff280_512.jpg,kitchen organizer,2026-10-01T13:19:39.023442+00:00
411,meesho,Classy Racks & Holders,2726126,https://www.meesho.com/s/p/riomax-stainless-steel-kitchen-towel-holder-cabinet-hanger-kitchen-hanger-over-the-door-hanger-napkin-holder-towel-bar-small-23-cm-pack-of-1,123.0,123.0,0.0,3.6,,,,relative_only,none,False,,,False,4,,,https://images.meesho.com/images/catalogs/2726126/cover/1/2/5ab1c6393ad52101169d7703afd2ad2384b590487e6e103e668b1f92bb4cba4bad2337e57ca45f30be4863cbae867172534fef82f7f540b24fd92215307dfcc5_512.jpg,kitchen organizer,2026-10-01T13:19:39.023479+00:00
412,meesho,Spice Racks,581608156,https://www.meesho.com/s/p/valueadds-present-compact-functional-multi-functional-3-tier-countertop-spice-bottle-rack,340.0,340.0,0.0,,,,,relative_only,none,False,,,False,5,,,https://images.meesho.com/images/catalogs/581608156/cover/1/2/560ce0cb3732f0ea5789a2b599d1b0ea4aa10ab6568cb115ccfa129e54e8e0de6fb3dd72d5bc951246ac09e66669d0f1e0ae7941bdbd39ccebfa4d674af7c7bb_512.jpg,kitchen organizer,2026-10-01T13:19:39.023514+00:00
413,meesho,New Collections Of Peelers,108251729,https://www.meesho.com/s/p/stainless-steel-spice-2-tier-trolley-container-organizer-organiserbasket-for-boxes-utensils-dishes-plates-for-home-multipurpose-kitchen-storage-shelf-shelves-holder-stand-rack-utensil-kitchen-rack-steel-silver,253.0,253.0,0.0,3.7,,,,relative_only,none,False,,,False,6,,,https://images.meesho.com/images/catalogs/108251729/cover/1/2/9d1e47290b519bb51800cb5d358b3695b780af63b3f6d96f44a4a5b153538d6326a8fca621fd3d652667cd9864e4352c9569f90ed21385bf8e374ee89a0937af_512.jpg,kitchen organizer,2026-10-01T13:19:39.023550+00:00
414,meesho,Spice Racks,497208303,https://www.meesho.com/s/p/2-tier-multipurpose-kitchen-countertop-rack-with-oven-mixer-stand-black-metal-storage-organizer,940.0,940.0,0.0,4.1,,,,relative_only,none,False,,,False,7,,,https://images.meesho.com/images/catalogs/497208303/cover/1/2/fbf7ae2928abfb52c984e88514eb40e416a73ed6ac4fd66af638f19c8a92c293b1a4d1e5a2882a9a2b2e570947ba7092ab51290e8cabf531e7074bb7d6a9b411_512.jpg,kitchen organizer,2026-10-01T13:19:39.023590+00:00
415,meesho,Spice Racks,558541139,https://www.meesho.com/s/p/heavy-big-size-2-layer-spice-rack-modular-kitchen-storage-organizer-multipurpose-space-saver-rack-for-efficient-kitchen-organization,275.0,275.0,0.0,,,,,relative_only,none,False,,,False,8,,,https://images.meesho.com/images/catalogs/558541139/cover/1/2/79d711c1adf913c5d054aaa35506702a586c4ed74a15038b9139a09c4ce55888db1e2a71a655061e78cdef62021283aa743dd43c4783426085f5c951ed3e5511_512.jpg,kitchen organizer,2026-10-01T13:19:39.023626+00:00
416,meesho,Trendy New Racks & Holders,116487951,https://www.meesho.com/s/p/sky-kitchen-utensils-rackmodern-kitchen-storage-rackkitchen-organizermodular-kitchen-storage-rackutensils-rack-with-plate-cutlery-stand-dish-drainer-kitchen-rack-plastic,533.0,533.0,0.0,4.0,,,,relative_only,none,False,,,False,9,,,https://images.meesho.com/images/catalogs/116487951/cover/1/2/060113b4cc67adecb6fdc48d60687df241c95584c49835f93a92e4ee72fd3776d6d95f5c280e4632d3cbab72c7dd846a447f41d9c35f08de5798ae6e34a55a15_512.jpg,kitchen organizer,2026-10-01T13:19:39.023672+00:00
417,meesho,Trendy Jars & Containers,155084516,https://www.meesho.com/s/p/herbay-fridge-storage-boxes-pack-of-6-kitchen-fridge-organizer-with-removable-drain-plate-fridge-storage-containers-keeps-fruits-vegetables-meat-fish-fresh-longer-1500-ml-container-box,255.0,255.0,0.0,3.8,,,,relative_only,none,False,,,False,10,,,https://images.meesho.com/images/catalogs/155084516/cover/1/2/6f020fd4b295787d87600c12b0c741e0c74e9da557b146f80db48a28ee3d785040b77c5d3207db4f3293cf32e71f12ad74de78993c83446ada97c0c1d6d59012_512.jpg,kitchen organizer,2026-10-01T13:19:39.023726+00:00
418,meesho,Spice Racks,568889065,https://www.meesho.com/s/p/kitchen-spice-rack-step-shelfmodular-kitchen-storage-organizermultipurpose-space-saver-rack-for-efficient-kitchen-organization,418.0,418.0,0.0,,,,,relative_only,none,False,,,False,11,,,https://images.meesho.com/images/catalogs/568889065/cover/1/2/12c3677913cd1f456f8559b09cbc2ffc5bf13ac5139c05956f8ea1d3c628242f3d0935121850562be7ca3c90ce03c47f2e0f0fada2d77cfcdb67f473a0c19936_512.jpg,kitchen organizer,2026-10-01T13:19:39.023761+00:00
419,meesho,Spice Racks,178611603,https://www.meesho.com/s/p/nayeem-2-layer-wall-mount-stainless-steel-multipurpose-storage-rackshelf-kitchen-rack-and-shelves-for-storage-3-tier-multipurpose-rack-for,289.0,289.0,0.0,4.3,,,,relative_only,none,False,,,False,12,,,https://images.meesho.com/images/catalogs/178611603/cover/1/2/b63dc38590a489c0bd5bd917178f036296fc6966a1f78c4cc7975817d3c43a845d3714ef0060a0a89912ff2b922da771cb88cdc35aac9d741e0e0c19c8327cbb_512.jpg,kitchen organizer,2026-10-01T13:19:39.023794+00:00
420,meesho,Fancy Spice Racks,86110645,https://www.meesho.com/s/p/epic-collection-big-size-multipupose-2-tier-standing-rack-bathroom-countertop-storage-shelf-cosmetic-organizer-holder-kitchen-spice-rack-black,455.0,455.0,0.0,4.1,,,,relative_only,none,False,,,False,13,,,https://images.meesho.com/images/catalogs/86110645/cover/1/2/a47033ceda7868628caf58a7d08b3c6ced8a6dc731498956f0d439b47c75cd68caa940b04642601d0a80e6a3d495c75f2d3f6de60c026b4c36820103a010114c_512.jpg,kitchen organizer,2026-10-01T13:19:39.023825+00:00
421,meesho,Trendy Jars & Containers,131961110,https://www.meesho.com/s/p/fenuz-premium-fridge-storage-space-saving-refrigerator-side-door-organizer-1000-ml-pack-of-8,224.0,224.0,0.0,4.4,,,,relative_only,none,False,,,False,14,,,https://images.meesho.com/images/catalogs/131961110/cover/1/2/b798ce46089fd611d9a5e227df9ca8e275edc043bdd0b82ffbb4151c808ece638ac8cd66b912d2580636d0877d3a78780a6c6e29be2e57fe5e742402041d4833_512.jpg,kitchen organizer,2026-10-01T13:19:39.023857+00:00
422,meesho,Modern Egg Baskets,109961083,https://www.meesho.com/s/p/sky-plastic-kitchen-rack-with-sink-dish-drainer-drying-rack-washing-basket-with-removable-tray-organizer-water-dispenser-dish-drainer-kitchen-rack,395.0,395.0,0.0,4.1,,,,relative_only,none,False,,,False,15,,,https://images.meesho.com/images/catalogs/109961083/cover/1/2/f0631acba489f855802385ced083d65f2a5708a4888373c96bc50519931ab477b61cdaaf2fad962e721980843e81a716264d5c0b8df9a02b956b60cdd3c53ef8_512.jpg,kitchen organizer,2026-10-01T13:19:39.023916+00:00
423,meesho,New Spice Racks,119433059,https://www.meesho.com/s/p/hnsm-entprises-presents-a-combo-pack-of-2-spice-rack,347.0,347.0,0.0,4.0,,,,relative_only,none,False,,,False,16,,,https://images.meesho.com/images/catalogs/119433059/cover/1/2/716ddec45131e142cb46fe3225eafaf03fc73c89a851f1b0be9b99aaa378877d242c280e81c4476cda6375fd1418c911a33e2a4af8917865a395a7d6835dfb2d_512.jpg,kitchen organizer,2026-10-01T13:19:39.023976+00:00
424,meesho,Wonderful Salt & Pepper Shakers,18574847,https://www.meesho.com/s/p/sukhson-plastic-3-in-1-salt-pepper-pickel-jar-with-toothpick-holder-set-multipurpose-tabletop-spice-toothpick-dispenser-compact-kitchen-dining-table-organizer,162.0,162.0,0.0,4.3,,,,relative_only,none,False,,,False,17,,,https://images.meesho.com/images/catalogs/18574847/cover/1/2/85fceb48249f1fa710b294bc95f2ef55386056633d332a84a50f8f5ff1cf7e63dd64b1efb0b1dbdd3bf8704a052b09cead1f896858a950e10d69989393a0c153_512.jpg,kitchen organizer,2026-10-01T13:19:39.023999+00:00
425,meesho,Trendy Cutlery Racks,130888505,https://www.meesho.com/s/p/chamach-stand-3-in-1-stainless-steel-cutlery-stand-spoon-holder-cutlery-rack-cutlery-case-for-kitchen,223.0,223.0,0.0,4.3,,,,relative_only,none,False,,,False,18,,,https://images.meesho.com/images/catalogs/130888505/cover/1/2/55c93b777232558f85fd683fb13ace6b4863303be3b40cc767efcb8cc5548e020d3979762e3a3de9ed81abb53aa22597eca3ab70ec5b07c5ba4b971a52938c1a_512.jpg,kitchen organizer,2026-10-01T13:19:39.024019+00:00
426,meesho,Everyday Spice Racks,132904250,https://www.meesho.com/s/p/dealkart-kitchen-spice-rack-2-tier-foldable-standing-large-seasoning-storage-design-for-kitchen-cabinet-bathroom-makeup-living-room-pantry-office-matte-black-spice,275.0,275.0,0.0,4.2,,,,relative_only,none,False,,,False,19,,,https://images.meesho.com/images/catalogs/132904250/cover/1/2/bf98cc155e10f9167687f5b5ecdacf9b149f4242d16499fcd475c85061e7592a3aded1d63a270aa8882e17fbd2819f10a1a1189074d1171b8b7f2bf99ba57c37_512.jpg,kitchen organizer,2026-10-01T13:19:39.024038+00:00
427,meesho,Graceful Cutlery Racks,148003766,https://www.meesho.com/s/p/knife-cutlery-holder-organizer-plastic-cutlery-set-pack-of-1,99.0,99.0,0.0,4.2,,,,relative_only,none,False,,,False,20,,,https://images.meesho.com/images/catalogs/148003766/cover/1/2/6e1e5861c6504fd20f1c0c9a4618bb81ddf0f9ed926e47d456bebec2d8291ff31fa389e4b46f4ab4a301d19e516071ad1549dc4f2c95b9bedf4f7e3b4c3f7f2d_512.jpg,kitchen organizer,2026-10-01T13:19:39.024056+00:00
428,meesho,Trendy Racks & Holders,123228657,https://www.meesho.com/s/p/any-colour-3-layer,157.0,157.0,0.0,4.0,,,,relative_only,none,False,,,False,1,,,https://images.meesho.com/images/catalogs/123228657/cover/1/2/65eb5ebb84e07954703feedc9f0e4879cfc05b3567c23e10c5cc89d19f578276505facef392f77ba51770f5025f77423b32f60269e3a8a11a62eb741f42a9828_512.jpg,kitchen organizer,2026-10-01T13:19:43.231172+00:00
429,meesho,Trendy Jars & Containers,140696998,https://www.meesho.com/s/p/kitchflyent-6-fridge-storage-boxes-multipurpose-containers-for-storage-space-saving-refrigerator-side-door-organizer-for-fridge-kitchen-fruits-vegetables-storage-transparent,148.0,148.0,0.0,4.0,,,,relative_only,none,False,,,False,2,,,https://images.meesho.com/images/catalogs/140696998/cover/1/2/d013713fc6375a3b6f2a37e6b764092f5c2cb92d3bc122a2f4c706a0c2b38398f9215bf90eedaf71d9a31733652bbcc619b14ebf1183c80b8dcfe3582605316d_512.jpg,kitchen organizer,2026-10-01T13:19:43.231403+00:00
430,meesho,Utensil Holders & Organizers,182058597,https://www.meesho.com/s/p/vigneshgenix-stainless-steel-handi-stand-1-pcs-pasta-strainer-stand-elevated-strainer-stand-rice-washing-stand-bean-drainer-stand,248.0,248.0,0.0,4.2,,,,relative_only,none,False,,,False,3,,,https://images.meesho.com/images/catalogs/182058597/cover/1/2/351ad8d80a6d037cba1612af95f53426287a6a913e58c03b96eb3684b4205547d98ec835dfb6f901cc22fdb06dc2ad992ee6e6ffa0965258c3e0d3e291029664_512.jpg,kitchen organizer,2026-10-01T13:19:43.231628+00:00
431,meesho,Elite Cutlery Racks,153021267,https://www.meesho.com/s/p/spoon-holder-stand-without-spoon-onley-stand,142.0,142.0,0.0,4.1,,,,relative_only,none,False,,,False,4,,,https://images.meesho.com/images/catalogs/153021267/cover/1/2/4837890d753a24d68e673bb53efb3201a3649505871fa9733c75e05aec405528e1c4a01a2187c20314bfa16f0f43e3b76c35ec0e1bc0c1e21b08d752151fade1_512.jpg,kitchen organizer,2026-10-01T13:19:43.231738+00:00
432,meesho,Elite Cutlery Racks,90866778,https://www.meesho.com/s/p/nexo-big-size-stainless-steel-2-layer-kitchen-spice-rack-modular-kitchen-storage-rack-kitchen-organizer-multipurpose-storage-shelfrack,336.0,336.0,0.0,3.7,,,,relative_only,none,False,,,False,6,,,https://images.meesho.com/images/catalogs/90866778/cover/1/2/3d96a87daf6e583ddf97b96ef77835b61afe63d86d8d7c6cf766c2d539650133c58334ae4092b563c75474a7c6c0bf4803a5651033e47824319ceadf8ca13562_512.jpg,kitchen organizer,2026-10-01T13:19:43.231881+00:00
433,meesho,Spice Racks,167051168,https://www.meesho.com/s/p/2-pc-3-layer-trolley-onion-potato-stand-for-kitchen-fruit-vegetable-storage-trolley-plastic-kitchen-trolley,251.0,251.0,0.0,4.0,,,,relative_only,none,False,,,False,7,,,https://images.meesho.com/images/catalogs/167051168/cover/1/2/2716ed7f70423447152849285c91edf4f35e60fe2b56bda89a0de01d289e6042b59412e635a2405f647378a381686951f0e5b65638b442c86fed404d5cbe1c95_512.jpg,kitchen organizer,2026-10-01T13:19:43.231985+00:00
434,meesho,Essential Jars & Containers,189848803,https://www.meesho.com/s/p/premium-fridge-storage-space-saving-refrigerator-side-door-organizer-1000-ml-pack-of-8,170.0,170.0,0.0,4.4,,,,relative_only,none,False,,,False,8,,,https://images.meesho.com/images/catalogs/189848803/cover/1/2/a48084902b1fac963d28e24cd8ab4db45445b7726223a6cb69ff2e9a03e3e13e77d40c62ec9540309fa952fa464fce37b3a15ae3d250abe91bf83c981b7da48b_512.jpg,kitchen organizer,2026-10-01T13:19:43.232090+00:00
435,meesho,Jars & Containers,165046177,https://www.meesho.com/s/p/square-kitchen-storage-containers-kitchen-organization-plastic-containers-bpa-free-plastic-container-pack-of-12,347.0,347.0,0.0,4.3,,,,relative_only,none,False,,,False,9,,,https://images.meesho.com/images/catalogs/165046177/cover/1/2/2181bf1b986d88585cd28a1f933d95f6e5f5ea4a95024a8be6452efe7ba3ffcbf1bb19ebaf51fe1e8aeab025fb76860ffe18875be0ee25393a99267a6b1ba580_512.jpg,kitchen organizer,2026-10-01T13:19:43.232148+00:00
436,meesho,Fancy Utensil Holders & Organizers,108813550,https://www.meesho.com/s/p/credly-stainless-steel-ladle-spoon-holder-cooking-improving-hygiene-utensils-stand-trayculinary-upright-spoon-rest,167.0,167.0,0.0,4.5,,,,relative_only,none,False,,,False,10,,,https://images.meesho.com/images/catalogs/108813550/cover/1/2/663a8e535dbeaf49750aa9c4d18bf1cb2caa740e9461442833e827f2c51dcb471d12b0a8a29776ffdba7d063e9f5c163971e46ef2d27ef762fa0df70ba9f85c3_512.jpg,kitchen organizer,2026-10-01T13:19:43.232201+00:00
437,meesho,Wonderful Bathroom Shelves,145946660,https://www.meesho.com/s/p/shopitech-self-adhesive-multipurpose-wall-mount-bathroom-shelf-for-wall-soap-dish-holder-for-wall-bathroom-accessories-utensils-rack-organiser-white-2-bathroom-shelves,144.0,144.0,0.0,4.1,,,,relative_only,none,False,,,False,11,,,https://images.meesho.com/images/catalogs/145946660/cover/1/2/db8c1f68c1fd07ec9fbf2970e5ac172a3a60000e0762daa3a16e43cec4dcc82fb13cc462287da1358963cbef633451125d66007aa8f8d579c3816be1568e59f3_512.jpg,kitchen organizer,2026-10-01T13:19:43.232255+00:00
438,meesho,Stylo Cutlery Racks,87738282,https://www.meesho.com/s/p/crew4-3-in-1-multi-functional-self-draining-organizer-holder-plastic-empty-cutlery-holder-pack-of-1,144.0,144.0,0.0,4.2,,,,relative_only,none,False,,,False,12,,,https://images.meesho.com/images/catalogs/87738282/cover/1/2/8a319f9cc6e81bafb2e9bad6e2926d8f0d24a232e33402953bed287a377527068a1692d2a4a80775568c418d2a71f968e5b42ebdd43360878ebddc6073ee15fd_512.jpg,kitchen organizer,2026-10-01T13:19:43.232307+00:00
439,meesho,Utensil Holders & Organizers,187603856,https://www.meesho.com/s/p/vigneshgenix-stainless-steel-handi-stand-efficient-drainage-handi-free-design-versatile-durability-esey-clean-up,244.0,244.0,0.0,4.2,,,,relative_only,none,False,,,False,13,,,https://images.meesho.com/images/catalogs/187603856/cover/1/2/fced8303d5b5917917e688764e55b12da05800e3a4d2e2960559704e376e052b19b51f51afca96ee4c98eabaa936f1c6507a65c4afa1378e6b63be26e6fb890b_512.jpg,kitchen organizer,2026-10-01T13:19:43.232359+00:00
440,meesho,Stylo Utensil Holders & Organizers,138003810,https://www.meesho.com/s/p/9-plate-stand-high-qualit-steel-wires,130.0,130.0,0.0,4.1,,,,relative_only,none,False,,,False,14,,,https://images.meesho.com/images/catalogs/138003810/cover/1/2/c85049add51f8184233037f0a73ef5a8fa144266aef76e71efbb153d7cbbec4bf43d83079905a49c707e813c4648000b9617af537ef25889ece257b813adc377_512.jpg,kitchen organizer,2026-10-01T13:19:43.232411+00:00
441,meesho,Classic Jars & Containers,134252204,https://www.meesho.com/s/p/the-little-bunny-milk-powder-container-for-baby-fruit-and-snack-container-and-multipurpose-plastic-box,237.0,237.0,0.0,4.2,,,,relative_only,none,False,,,False,15,,,https://images.meesho.com/images/catalogs/134252204/cover/1/2/bc6f0560c67c5d6a1fdbe41f234d59e453882f9c43e62fd7f621b86b366a508f10b102a3234377699172cf9af95679f13be79e33a566167e017cbe4c4ad13131_512.jpg,kitchen organizer,2026-10-01T13:19:43.232470+00:00
442,meesho,Trendy New Racks & Holders,119484789,https://www.meesho.com/s/p/hnsm-enterprises-presents-a-combo-pack-of-2-dish-rack,228.0,228.0,0.0,3.9,,,,relative_only,none,False,,,False,16,,,https://images.meesho.com/images/catalogs/119484789/cover/1/2/7f331bae111c948240e2afc086da655c61b398f176c6cb05bd352ff5de48ad9912bd1529849bafb7493a9dec662d49cfa144a7abd6d7a017732d81f2925eba2f_512.jpg,kitchen organizer,2026-10-01T13:19:43.232526+00:00
443,meesho,Attractive Kitchen Tool Sets,119507867,https://www.meesho.com/s/p/hnsm-enterprises-presents-a-multicolor-multipurpose-revolving-trey-organizer,176.0,176.0,0.0,,,,,relative_only,none,False,,,False,17,,,https://images.meesho.com/images/catalogs/119507867/cover/1/2/2bf5b0f901e70a2cc46abffddbd6e8d60d217598211b4357f21b85463d50e19879e9a511efa6b4d0d5dfea2671690a5780bb6edce3ae8c5fb97938db826213ab_512.jpg,kitchen organizer,2026-10-01T13:19:43.232581+00:00
444,meesho,Fancy Spice Racks,147700057,https://www.meesho.com/s/p/big-size-multipupose-2-tier-standing-rack-bathroom-countertop-storage-shelf-cosmetic-organizer-holder-kitchen-spice-rack-black,441.0,441.0,0.0,4.2,,,,relative_only,none,False,,,False,18,,,https://images.meesho.com/images/catalogs/147700057/cover/1/2/ce1f1e1aebd59263119718dba877d5ec6f6ac5691c9fdba6127a3c0035b29256410f77d033aaec138fe45c421bf95cc220e9e351f7a9886457e7f3827bc9c4d5_512.jpg,kitchen organizer,2026-10-01T13:19:43.232666+00:00
445,meesho,Everyday Egg Baskets,143650993,https://www.meesho.com/s/p/stysol-refrigerator-egg-tray-holder-with-cover-for-24-eggs-plastic-transparent-pack-of-1,195.0,195.0,0.0,,,,,relative_only,none,False,,,False,19,,,https://images.meesho.com/images/catalogs/143650993/cover/1/2/a79558ba16ff90534ff166254f5c362e143085c9e85fc341d90f729523a53cb4ba4e58833c72e4c58b381893a66ae8c9a0712410223dc1dfb444b53635a3d827_512.jpg,kitchen organizer,2026-10-01T13:19:43.232716+00:00
446,meesho,Elite Cutlery Racks,60307596,https://www.meesho.com/s/p/sukanya-creation-metal-spoon-holder-stand-without-spoon-only-stand-24-pc-silver-cutlery-kitchen-rack-steel-steel,152.0,152.0,0.0,4.2,,,,relative_only,none,False,,,False,20,,,https://images.meesho.com/images/catalogs/60307596/cover/1/2/af34d236bc87e19b875d32f336e3c794ebbe2d822c48314127c83dcfe39f34534dc3d93f087acee9fa3f21560fb0282e0cd12aa9aa48b1292883d0db3b9a2f00_512.jpg,kitchen organizer,2026-10-01T13:19:43.232764+00:00
